route_id,passenger_id,passenger_name,individual_name,is_wheelchair,wheelchair_count,non_wheelchair_count,pickup_stop_id,dropoff_stop_id,planned_pickup_time,planned_dropoff_time,actual_pickup_time,actual_dropoff_time,total_ride_time_min,direct_drive_time_min,detour_time_min,dropoff_delay_min
R001,2413,乘客2040,乘客2040,是,1,0,984,989,07:15,08:05,06:48,07:51,63.0,49.0,10.0,0.0
R001,882,乘客779,乘客779,否,0,1,406,747,07:45,08:15,07:06,08:11,65.0,33.0,28.0,0.0
R001,2384,乘客2016,乘客2016,是,1,0,967,737,08:25,08:50,08:30,08:54,24.0,9.0,8.0,4.0
R001,883,乘客780,乘客780,是,1,0,407,717,08:45,09:50,08:43,09:35,52.0,22.0,21.0,0.0
R001,886,乘客783,乘客783,否,0,1,409,717,09:05,09:50,09:04,09:35,31.0,19.0,7.0,0.0
R001,887,乘客784,乘客784,否,0,1,410,738,09:15,10:10,09:14,09:48,34.0,15.0,12.0,0.0
R001,890,乘客786,乘客786,否,0,1,412,738,10:00,10:10,09:42,09:48,6.0,4.0,0.0,0.0
R002,2402,乘客2031,乘客2031,是,1,0,977,983,06:50,07:30,06:27,07:33,66.0,50.0,6.0,3.0
R002,2446,乘客2064,乘客2064,是,1,0,1003,132,07:25,08:45,06:58,08:37,99.0,60.0,30.0,0.0
R002,2446,乘客2064,乘客2064跟車,否,0,1,1003,132,07:25,08:45,06:58,08:37,99.0,60.0,30.0,0.0
R002,2446,乘客2064,乘客2065,否,0,1,1003,132,07:25,08:45,06:58,08:37,99.0,60.0,30.0,0.0
R002,2446,乘客2064,乘客2065跟車,否,0,1,1003,132,07:25,08:45,06:58,08:37,99.0,60.0,30.0,0.0
R003,638,乘客551,乘客551,否,0,1,305,1043,07:10,07:50,06:50,07:29,39.0,28.0,5.0,0.0
R003,1650,乘客1402,乘客1402,是,1,0,678,131,07:45,08:30,07:06,07:50,44.0,31.0,8.0,0.0
R003,1650,乘客1402,乘客1402跟車,否,0,1,678,131,07:45,08:30,07:06,07:50,44.0,31.0,8.0,0.0
R003,1397,乘客1209,乘客1209,是,1,0,591,276,08:40,09:35,08:48,09:33,45.0,28.0,11.0,0.0
R003,1397,乘客1209,乘客1209跟車,否,0,1,591,276,08:40,09:35,08:48,09:33,45.0,28.0,11.0,0.0
R003,1020,乘客888,乘客888,否,0,1,446,159,08:50,10:25,09:18,09:44,26.0,15.0,5.0,0.0
R003,1020,乘客888,乘客888跟車,否,0,1,446,159,08:50,10:25,09:18,09:44,26.0,15.0,5.0,0.0
R004,2445,乘客2063,乘客2063,否,0,1,1002,90,07:00,08:30,06:31,08:10,99.0,55.0,37.0,0.0
R004,2450,乘客2066,乘客2066,是,1,0,1004,132,07:40,08:45,07:00,08:24,84.0,58.0,19.0,0.0
R004,2450,乘客2066,乘客2066跟車,否,0,1,1004,132,07:40,08:45,07:00,08:24,84.0,58.0,19.0,0.0
R004,2201,乘客1875,乘客1875,否,0,1,897,138,07:45,08:30,07:35,08:20,45.0,33.0,10.0,0.0
R004,2406,乘客2034,乘客2034,是,1,0,949,981,09:05,09:25,09:05,09:29,24.0,21.0,0.0,4.0
R005,1877,乘客1600,乘客1600,否,0,1,769,728,07:50,09:00,07:08,07:37,29.0,11.0,12.0,0.0
R005,2403,乘客2032,乘客2032,否,0,1,978,949,08:00,09:05,07:22,08:28,66.0,39.0,18.0,0.0
R005,2438,乘客2056,乘客2056,是,1,0,996,999,08:30,09:00,07:30,07:51,21.0,11.0,6.0,0.0
R005,2440,乘客2058,乘客2058,否,0,1,998,600,09:15,09:55,09:00,09:45,45.0,44.0,0.0,0.0
R006,837,乘客740,乘客740,否,0,1,389,304,07:30,08:30,07:19,08:12,53.0,19.0,19.0,0.0
R006,838,乘客741,乘客741,否,0,1,390,304,07:45,08:30,07:42,08:12,30.0,15.0,6.0,0.0
R006,838,乘客741,乘客742,否,0,1,390,304,07:45,08:30,07:42,08:12,30.0,15.0,6.0,0.0
R006,840,乘客743,乘客743,是,1,0,390,315,07:45,09:15,07:42,08:37,55.0,15.0,25.0,0.0
R006,841,乘客744,乘客744,否,0,1,391,304,07:50,08:30,07:45,08:12,27.0,13.0,6.0,0.0
R006,843,乘客746,乘客746,是,1,0,392,315,08:05,09:15,08:02,08:37,35.0,17.0,8.0,0.0
R006,961,乘客840,乘客840,是,1,0,429,276,09:15,10:10,08:53,09:45,52.0,28.0,12.0,0.0
R006,961,乘客840,乘客840跟車,否,0,1,429,276,09:15,10:10,08:53,09:45,52.0,28.0,12.0,0.0
R006,334,乘客283,乘客283,是,1,0,169,185,09:35,10:15,09:14,10:06,52.0,13.0,25.0,0.0
R006,336,乘客285,乘客285,是,1,0,171,185,09:55,10:15,09:24,10:06,42.0,13.0,19.0,0.0
R007,614,乘客528,乘客528,是,1,0,294,287,07:30,08:05,07:34,08:06,32.0,29.0,0.0,1.0
R007,908,乘客801,乘客801,是,1,0,415,420,08:10,08:25,08:18,08:29,11.0,8.0,0.0,4.0
R007,616,乘客530,乘客530,否,0,1,296,304,08:25,10:15,08:38,09:17,39.0,15.0,19.0,0.0
R007,621,乘客534,乘客534,否,0,1,300,304,09:00,10:15,08:48,09:17,29.0,17.0,8.0,0.0
R007,2373,乘客2007,乘客2007,否,0,1,962,964,09:40,10:25,08:56,09:34,38.0,11.0,23.0,0.0
R007,2373,乘客2007,乘客2007跟車,否,0,1,962,964,09:40,10:25,08:56,09:34,38.0,11.0,23.0,0.0
R008,1125,乘客974,乘客974,是,1,0,487,178,07:00,08:55,06:49,07:40,51.0,22.0,19.0,0.0
R008,1125,乘客974,乘客974跟車,否,0,1,487,178,07:00,08:55,06:49,07:40,51.0,22.0,19.0,0.0
R008,1442,乘客1236,乘客1236,是,1,0,608,614,07:40,09:15,07:10,07:57,47.0,11.0,25.0,0.0
R008,347,乘客295,乘客295,否,0,1,175,519,07:55,09:05,07:25,07:46,21.0,11.0,4.0,0.0
R008,347,乘客295,乘客296,否,0,1,175,519,07:55,09:05,07:25,07:46,21.0,11.0,4.0,0.0
R008,794,乘客697,乘客697,是,1,0,372,892,09:15,09:30,08:03,08:45,42.0,11.0,20.0,0.0
R008,331,乘客280,乘客280,是,1,0,166,185,09:15,10:15,08:16,09:06,50.0,15.0,24.0,0.0
R008,744,乘客647,乘客647,是,1,0,353,157,09:20,10:30,08:33,09:18,45.0,15.0,20.0,0.0
R008,642,乘客554,乘客554,否,0,1,308,312,09:35,10:30,08:54,09:40,46.0,19.0,20.0,0.0
R009,879,乘客776,乘客776,否,0,1,403,747,07:00,08:15,06:39,08:18,99.0,36.0,50.0,3.0
R009,880,乘客777,乘客777,是,1,0,404,748,07:15,08:10,06:56,08:11,75.0,39.0,28.0,1.0
R009,881,乘客778,乘客778,否,0,1,405,746,07:30,08:30,07:06,08:30,84.0,40.0,35.0,0.0
R009,1857,乘客1582,乘客1582,是,1,0,759,727,08:05,08:50,07:42,08:41,59.0,26.0,25.0,0.0
R009,884,乘客781,乘客781,是,1,0,408,717,08:55,09:50,09:01,09:29,28.0,22.0,0.0,0.0
R009,884,乘客781,乘客782,是,1,0,408,717,08:55,09:50,09:01,09:29,28.0,22.0,0.0,0.0
R010,857,乘客759,乘客759,否,0,1,396,337,07:00,09:00,07:01,08:03,62.0,21.0,30.0,0.0
R010,858,乘客760,乘客760,是,1,0,397,337,07:10,09:00,07:11,08:03,52.0,21.0,24.0,0.0
R010,1307,乘客1129,乘客1129,否,0,1,499,560,07:45,09:05,07:33,08:11,38.0,9.0,21.0,0.0
R010,721,乘客625,乘客625,否,0,1,341,346,07:50,09:20,07:43,08:21,38.0,8.0,22.0,0.0
R010,1308,乘客1130,乘客1130,否,0,1,555,560,08:05,09:05,07:50,08:11,21.0,9.0,6.0,0.0
R010,999,乘客871,乘客871,否,0,1,439,220,09:30,09:50,08:34,08:55,21.0,11.0,6.0,0.0
R010,999,乘客871,乘客871跟車,否,0,1,439,220,09:30,09:50,08:34,08:55,21.0,11.0,6.0,0.0
R010,1001,乘客872,乘客872,否,0,1,440,220,09:40,09:50,08:46,08:55,9.0,6.0,0.0,0.0
R010,221,乘客188,乘客188,否,0,1,124,1022,09:55,10:40,09:09,09:44,35.0,34.0,0.0,0.0
R011,512,乘客439,乘客439,否,0,1,249,160,07:00,08:10,06:40,07:33,53.0,17.0,23.0,0.0
R011,515,乘客442,乘客442,是,1,0,251,160,07:20,08:10,06:58,07:33,35.0,17.0,10.0,0.0
R011,516,乘客443,乘客443,否,0,1,251,158,07:20,08:30,06:58,07:45,47.0,19.0,19.0,0.0
R011,287,乘客237,乘客237,是,1,0,151,157,07:30,09:25,07:10,07:54,44.0,17.0,19.0,0.0
R011,1024,乘客891,乘客891,否,0,1,449,164,09:30,09:50,08:12,08:59,47.0,26.0,15.0,0.0
R011,1025,乘客892,乘客892,是,1,0,450,157,09:40,10:20,08:44,09:30,46.0,17.0,17.0,0.0
R011,1026,乘客893,乘客893,否,0,1,251,159,09:45,10:25,08:49,09:33,44.0,15.0,17.0,0.0
R011,1027,乘客894,乘客894,是,1,0,451,157,09:55,10:20,09:07,09:30,23.0,17.0,0.0,0.0
R012,253,乘客211,乘客211,是,1,0,134,61,06:45,07:00,06:21,06:43,22.0,19.0,0.0,0.0
R012,476,乘客406,乘客406,否,0,1,229,236,07:40,08:25,07:20,08:27,67.0,24.0,33.0,2.0
R012,2331,乘客1976,乘客1976,否,0,1,951,420,08:00,08:20,07:25,08:02,37.0,19.0,13.0,0.0
R012,479,乘客408,乘客408,是,1,0,231,236,08:00,08:25,07:40,08:27,47.0,26.0,16.0,2.0
R012,2093,乘客1789,乘客1789,否,0,1,856,859,08:25,09:55,09:01,09:19,18.0,17.0,0.0,0.0
R013,1745,乘客1485,乘客1485,是,1,0,709,813,07:35,08:10,07:27,08:05,38.0,28.0,6.0,0.0
R013,950,乘客834,乘客834,否,0,1,425,202,08:05,08:50,07:45,08:23,38.0,9.0,25.0,0.0
R013,1334,乘客1153,乘客1153,是,1,0,567,314,08:50,09:15,08:45,09:10,25.0,21.0,0.0,0.0
R013,1334,乘客1153,乘客1153跟車,否,0,1,567,314,08:50,09:15,08:45,09:10,25.0,21.0,0.0,0.0
R013,1226,乘客1064,乘客1064,是,1,0,525,157,09:15,10:20,09:23,10:13,50.0,22.0,12.0,0.0
R013,1227,乘客1065,乘客1065,是,1,0,526,157,09:20,10:20,09:31,10:13,42.0,21.0,9.0,0.0
R013,1055,乘客917,乘客917,是,1,0,465,191,09:25,10:25,09:37,10:25,48.0,26.0,11.0,0.0
R013,1228,乘客1066,乘客1066,否,0,1,527,157,09:35,10:20,09:47,10:13,26.0,19.0,0.0,0.0
R014,1986,乘客1701,乘客1701,是,1,0,808,964,07:15,07:30,06:57,07:11,14.0,11.0,0.0,0.0
R014,493,乘客422,乘客422,是,1,0,239,420,07:30,09:10,07:28,08:13,45.0,13.0,19.0,0.0
R014,494,乘客423,乘客423,是,1,0,240,420,07:40,09:10,07:37,08:13,36.0,13.0,15.0,0.0
R014,494,乘客423,乘客423跟車,否,0,1,240,420,07:40,09:10,07:37,08:13,36.0,13.0,15.0,0.0
R014,615,乘客529,乘客529,否,0,1,295,756,08:15,09:30,07:55,08:28,33.0,13.0,11.0,0.0
R014,622,乘客535,乘客535,否,0,1,301,202,09:20,09:55,08:23,08:58,35.0,9.0,21.0,0.0
R014,623,乘客536,乘客536,否,0,1,302,202,09:30,09:55,08:31,08:58,27.0,9.0,15.0,0.0
R014,503,乘客430,乘客430,否,0,1,247,395,09:35,09:55,08:43,09:14,31.0,13.0,15.0,0.0
R014,2050,乘客1757,乘客1757,是,1,0,840,303,10:00,10:15,09:29,09:49,20.0,17.0,0.0,0.0
R015,903,乘客797,乘客797,否,0,1,413,420,07:35,08:25,07:28,08:22,54.0,21.0,14.0,0.0
R015,904,乘客798,乘客798,是,1,0,414,420,08:00,08:25,08:05,08:22,17.0,9.0,0.0,0.0
R015,904,乘客798,乘客799,是,1,0,414,420,08:00,08:25,08:05,08:22,17.0,9.0,0.0,0.0
R015,904,乘客798,乘客799跟車,否,0,1,414,420,08:00,08:25,08:05,08:22,17.0,9.0,0.0,0.0
R015,907,乘客800,乘客800,是,1,0,414,201,08:00,08:30,08:05,08:27,22.0,11.0,0.0,0.0
R015,502,乘客429,乘客429,是,1,0,246,420,08:55,09:10,08:40,09:09,29.0,9.0,12.0,0.0
R015,2372,乘客2006,乘客2006,是,1,0,961,201,09:00,09:20,08:52,09:14,22.0,11.0,4.0,0.0
R015,2371,乘客2005,乘客2005,否,0,1,956,756,09:00,10:10,08:55,09:30,35.0,9.0,18.0,0.0
R015,1947,乘客1665,乘客1665,否,0,1,802,203,09:55,10:10,09:21,09:46,25.0,13.0,10.0,0.0
R016,1562,乘客1334,乘客1334,是,1,0,651,901,07:25,08:35,06:46,08:10,84.0,32.0,35.0,0.0
R016,1562,乘客1334,乘客1335,是,1,0,651,901,07:25,08:35,06:46,08:10,84.0,32.0,35.0,0.0
R016,1562,乘客1334,乘客1335跟車,否,0,1,651,901,07:25,08:35,06:46,08:10,84.0,32.0,35.0,0.0
R016,1714,乘客1461,乘客1461,否,0,1,696,313,07:40,08:30,06:56,07:41,45.0,19.0,17.0,0.0
R016,1309,乘客1131,乘客1131,否,0,1,405,561,08:15,08:25,07:15,07:21,6.0,2.0,0.0,0.0
R016,1309,乘客1131,乘客1132,否,0,1,405,561,08:15,08:25,07:15,07:21,6.0,2.0,0.0,0.0
R016,1309,乘客1131,乘客1133,否,0,1,405,561,08:15,08:25,07:15,07:21,6.0,2.0,0.0,0.0
R016,1309,乘客1131,乘客1134,否,0,1,405,561,08:15,08:25,07:15,07:21,6.0,2.0,0.0,0.0
R016,617,乘客531,乘客531,否,0,1,297,202,08:40,09:55,08:44,09:23,39.0,17.0,18.0,0.0
R016,618,乘客532,乘客532,否,0,1,298,394,08:45,09:10,08:51,09:13,22.0,9.0,11.0,3.0
R016,909,乘客802,乘客802,否,0,1,416,313,08:45,10:05,09:03,09:46,43.0,19.0,21.0,0.0
R017,1996,乘客1711,乘客1711,否,0,1,815,337,07:20,09:20,06:58,08:39,101.0,44.0,45.0,0.0
R017,2000,乘客1715,乘客1715,是,1,0,819,337,08:00,09:20,07:16,08:39,83.0,39.0,37.0,0.0
R017,2000,乘客1715,乘客1716,否,0,1,819,337,08:00,09:20,07:16,08:39,83.0,39.0,37.0,0.0
R017,212,乘客179,乘客179,否,0,1,118,347,08:15,09:40,08:01,08:49,48.0,17.0,23.0,0.0
R017,213,乘客180,乘客180,否,0,1,119,347,08:35,09:40,08:23,08:49,26.0,9.0,10.0,0.0
R017,1925,乘客1644,乘客1644,是,1,0,791,717,09:45,10:00,09:35,09:55,20.0,17.0,0.0,0.0
R018,1876,乘客1599,乘客1599,是,1,0,768,748,07:42,08:45,07:15,08:05,50.0,13.0,25.0,0.0
R018,1880,乘客1603,乘客1603,否,0,1,771,746,08:10,08:30,07:26,07:51,25.0,15.0,3.0,0.0
R018,1880,乘客1603,乘客1604,否,0,1,771,746,08:10,08:30,07:26,07:51,25.0,15.0,3.0,0.0
R018,2404,乘客2033,乘客2033,是,1,0,979,982,08:15,08:45,07:40,08:46,66.0,32.0,25.0,1.0
R018,2404,乘客2033,乘客2033跟車,否,0,1,979,982,08:15,08:45,07:40,08:46,66.0,32.0,25.0,1.0
R018,583,乘客503,乘客503,是,1,0,263,234,09:05,10:30,09:51,10:03,12.0,8.0,0.0,0.0
R018,583,乘客503,乘客503跟車,否,0,1,263,234,09:05,10:30,09:51,10:03,12.0,8.0,0.0,0.0
R019,2042,乘客1750,乘客1750,否,0,1,836,236,07:25,08:15,07:09,08:00,51.0,33.0,16.0,0.0
R019,998,乘客870,乘客870,否,0,1,438,236,07:45,08:45,07:46,08:18,32.0,13.0,12.0,0.0
R019,2047,乘客1755,乘客1755,是,1,0,839,441,08:40,09:20,08:11,09:15,64.0,31.0,26.0,0.0
R019,2047,乘客1755,乘客1755跟車,否,0,1,839,441,08:40,09:20,08:11,09:15,64.0,31.0,26.0,0.0
R019,1942,乘客1660,乘客1660,否,0,1,799,201,08:50,09:40,08:27,09:37,70.0,24.0,39.0,0.0
R019,2049,乘客1756,乘客1756,否,0,1,392,394,09:05,09:35,08:50,09:25,35.0,17.0,13.0,0.0
R020,2368,乘客2002,乘客2002,否,0,1,958,201,07:40,09:20,07:37,09:10,93.0,32.0,44.0,0.0
R020,2427,乘客2049,乘客2049,是,1,0,990,994,08:05,08:50,07:53,08:29,36.0,11.0,17.0,0.0
R020,2427,乘客2049,乘客2049跟車,否,0,1,990,994,08:05,08:50,07:53,08:29,36.0,11.0,17.0,0.0
R020,2429,乘客2050,乘客2050,是,1,0,991,271,08:25,09:00,08:12,08:36,24.0,9.0,8.0,0.0
R020,2430,乘客2051,乘客2051,是,1,0,992,993,09:35,09:50,09:32,09:55,23.0,19.0,0.0,5.0
R020,2430,乘客2051,乘客2051跟車,否,0,1,992,993,09:35,09:50,09:32,09:55,23.0,19.0,0.0,5.0
R021,1179,乘客1024,乘客1024,否,0,1,506,665,07:00,07:55,06:52,07:58,66.0,39.0,19.0,3.0
R021,1181,乘客1026,乘客1026,是,1,0,508,470,07:15,07:45,07:07,07:49,42.0,39.0,0.0,4.0
R021,266,乘客222,乘客222,是,1,0,142,292,08:00,09:40,08:23,09:09,46.0,11.0,23.0,0.0
R021,267,乘客223,乘客223,否,0,1,143,292,08:10,09:40,08:32,09:09,37.0,9.0,17.0,0.0
R021,269,乘客225,乘客225,是,1,0,145,292,08:30,09:40,08:51,09:09,18.0,11.0,0.0,0.0
R021,1401,乘客1211,乘客1211,否,0,1,593,202,10:00,10:30,09:19,09:46,27.0,26.0,0.0,0.0
R022,1613,乘客1375,乘客1375,否,0,1,668,138,07:05,08:20,06:47,08:19,92.0,40.0,32.0,0.0
R022,1617,乘客1378,乘客1378,是,1,0,671,138,07:25,08:20,07:05,08:19,74.0,37.0,22.0,0.0
R022,1617,乘客1378,乘客1378跟車,否,0,1,671,138,07:25,08:20,07:05,08:19,74.0,37.0,22.0,0.0
R022,1621,乘客1381,乘客1381,是,1,0,673,132,07:40,08:20,07:19,08:23,64.0,39.0,11.0,3.0
R022,1621,乘客1381,乘客1381跟車,否,0,1,673,132,07:40,08:20,07:19,08:23,64.0,39.0,11.0,3.0
R022,934,乘客819,乘客819,是,1,0,422,1063,08:15,08:55,07:50,08:48,58.0,22.0,23.0,0.0
R022,934,乘客819,乘客819跟車,否,0,1,422,1063,08:15,08:55,07:50,08:48,58.0,22.0,23.0,0.0
R022,1185,乘客1030,乘客1030,否,0,1,510,866,09:40,10:40,09:15,09:38,23.0,22.0,0.0,0.0
R023,1755,乘客1494,乘客1494,是,1,0,714,420,07:45,09:40,07:39,09:27,108.0,52.0,42.0,0.0
R023,1755,乘客1494,乘客1494跟車,否,0,1,714,420,07:45,09:40,07:39,09:27,108.0,52.0,42.0,0.0
R023,2414,乘客2041,乘客2041,是,1,0,985,987,07:45,09:45,07:57,09:43,106.0,52.0,40.0,0.0
R023,2414,乘客2041,乘客2041跟車,否,0,1,985,987,07:45,09:45,07:57,09:43,106.0,52.0,40.0,0.0
R023,2416,乘客2042,乘客2042,否,0,1,986,420,08:35,09:30,08:31,09:27,56.0,39.0,10.0,0.0
R023,2416,乘客2042,乘客2042跟車,否,0,1,986,420,08:35,09:30,08:31,09:27,56.0,39.0,10.0,0.0
R023,1946,乘客1664,乘客1664,否,0,1,801,201,09:20,09:40,09:00,09:30,30.0,22.0,1.0,0.0
R024,1221,乘客1059,乘客1059,否,0,1,377,649,07:30,08:50,06:36,07:45,69.0,21.0,39.0,0.0
R024,1222,乘客1060,乘客1060,否,0,1,522,650,07:55,08:45,06:52,07:36,44.0,13.0,24.0,0.0
R024,2120,乘客1814,乘客1814,是,1,0,873,1123,08:25,08:50,07:13,08:05,52.0,21.0,24.0,0.0
R024,1224,乘客1062,乘客1062,否,0,1,524,650,08:30,08:45,07:25,07:36,11.0,9.0,0.0,0.0
R024,1054,乘客916,乘客916,否,0,1,464,211,08:50,09:00,08:21,08:28,7.0,6.0,0.0,0.0
R024,2121,乘客1815,乘客1815,是,1,0,175,812,09:00,09:50,08:43,09:22,39.0,11.0,22.0,0.0
R024,1989,乘客1704,乘客1704,否,0,1,811,812,09:10,09:20,08:55,09:22,27.0,6.0,16.0,2.0
R024,2122,乘客1816,乘客1816,否,0,1,874,211,09:10,09:55,09:07,09:25,18.0,11.0,2.0,0.0
R025,1410,乘客1217,乘客1217,否,0,1,594,601,07:00,07:50,06:20,07:17,57.0,32.0,21.0,0.0
R025,1411,乘客1218,乘客1218,否,0,1,595,600,07:15,08:15,06:25,07:27,62.0,36.0,22.0,0.0
R025,2113,乘客1807,乘客1807,否,0,1,870,138,07:25,08:30,06:34,07:54,80.0,55.0,21.0,0.0
R025,2114,乘客1808,乘客1808,否,0,1,871,131,07:40,08:30,06:44,07:57,73.0,53.0,16.0,0.0
R025,1412,乘客1219,乘客1219,否,0,1,596,622,08:40,09:20,08:29,09:09,40.0,15.0,21.0,0.0
R025,724,乘客628,乘客628,否,0,1,344,346,08:45,09:20,08:39,09:14,35.0,9.0,22.0,0.0
R025,1413,乘客1220,乘客1220,否,0,1,597,1095,08:50,09:00,08:46,08:53,7.0,6.0,0.0,0.0
R026,2112,乘客1806,乘客1806,否,0,1,869,138,07:05,08:30,07:06,08:26,80.0,60.0,15.0,0.0
R026,1505,乘客1283,乘客1283,否,0,1,541,31,07:35,09:35,07:53,09:02,69.0,24.0,38.0,0.0
R026,1505,乘客1283,乘客1283跟車,否,0,1,541,31,07:35,09:35,07:53,09:02,69.0,24.0,38.0,0.0
R026,1525,乘客1298,乘客1298,否,0,1,639,70,08:00,08:20,08:11,08:21,10.0,9.0,0.0,1.0
R026,2243,乘客1907,乘客1907,否,0,1,913,41,08:45,09:15,08:40,08:47,7.0,6.0,0.0,0.0
R026,2244,乘客1908,乘客1908,否,0,1,79,80,09:35,10:10,09:24,09:50,26.0,13.0,11.0,0.0
R026,2245,乘客1909,乘客1909,否,0,1,92,44,09:45,10:15,09:40,10:00,20.0,13.0,5.0,0.0
R027,2040,乘客1749,乘客1749,是,1,0,834,236,07:10,08:15,06:41,07:59,78.0,28.0,39.0,0.0
R027,2040,乘客1749,乘客1749跟車,否,0,1,834,236,07:10,08:15,06:41,07:59,78.0,28.0,39.0,0.0
R027,2044,乘客1752,乘客1752,否,0,1,838,236,07:50,08:15,07:03,07:59,56.0,26.0,20.0,0.0
R027,477,乘客407,乘客407,是,1,0,230,236,07:50,08:25,07:32,08:20,48.0,22.0,16.0,0.0
R027,477,乘客407,乘客407跟車,否,0,1,230,236,07:50,08:25,07:32,08:20,48.0,22.0,16.0,0.0
R027,1939,乘客1657,乘客1657,否,0,1,796,201,08:15,09:40,08:08,09:18,70.0,22.0,33.0,0.0
R027,2045,乘客1753,乘客1753,否,0,1,232,235,08:25,08:30,08:30,08:35,5.0,4.0,0.0,5.0
R027,2046,乘客1754,乘客1754,否,0,1,232,202,08:25,09:45,08:30,09:25,55.0,24.0,21.0,0.0
R027,501,乘客428,乘客428,是,1,0,245,420,08:45,09:10,09:01,09:15,14.0,11.0,0.0,5.0
R028,2272,乘客1931,乘客1931,否,0,1,923,431,06:30,07:30,06:28,07:32,64.0,63.0,0.0,2.0
R028,256,乘客214,乘客214,否,0,1,68,31,08:10,08:50,07:42,08:22,40.0,11.0,24.0,0.0
R028,255,乘客213,乘客213,否,0,1,136,31,08:10,08:50,08:00,08:22,22.0,15.0,3.0,0.0
R028,257,乘客215,乘客215,否,0,1,137,31,08:30,08:50,08:10,08:22,12.0,9.0,0.0,0.0
R028,270,乘客226,乘客226,否,0,1,146,521,09:00,09:20,08:42,08:53,11.0,8.0,0.0,0.0
R028,271,乘客227,乘客227,否,0,1,147,521,09:10,09:20,08:49,08:53,4.0,2.0,0.0,0.0
R028,1042,乘客906,乘客906,否,0,1,456,458,09:30,10:15,08:58,09:28,30.0,11.0,16.0,0.0
R028,2407,乘客2035,乘客2035,否,0,1,980,521,09:40,09:55,09:08,09:18,10.0,9.0,0.0,0.0
R029,1487,乘客1268,乘客1268,否,0,1,623,304,07:35,08:45,06:59,08:18,79.0,29.0,40.0,0.0
R029,1488,乘客1269,乘客1269,否,0,1,285,304,07:45,08:45,07:06,08:18,72.0,29.0,34.0,0.0
R029,1489,乘客1270,乘客1270,否,0,1,624,394,07:55,09:00,07:13,08:38,85.0,39.0,37.0,0.0
R029,2369,乘客2003,乘客2003,是,1,0,959,201,07:55,09:20,07:30,08:53,83.0,33.0,41.0,0.0
R029,2370,乘客2004,乘客2004,否,0,1,960,202,08:30,09:25,07:33,09:00,87.0,31.0,47.0,0.0
R029,1492,乘客1273,乘客1273,否,0,1,627,201,08:40,09:15,08:05,08:53,48.0,17.0,24.0,0.0
R029,1493,乘客1274,乘客1274,是,1,0,628,629,09:30,09:45,09:22,09:43,21.0,17.0,0.0,0.0
R029,1493,乘客1274,乘客1274跟車,否,0,1,628,629,09:30,09:45,09:22,09:43,21.0,17.0,0.0,0.0
R030,1084,乘客940,乘客940,否,0,1,471,347,07:05,08:55,07:06,08:32,86.0,34.0,41.0,0.0
R030,812,乘客717,乘客717,否,0,1,378,337,07:15,09:00,07:24,08:48,84.0,29.0,37.0,0.0
R030,859,乘客761,乘客761,是,1,0,398,337,07:30,09:00,07:39,08:48,69.0,26.0,29.0,0.0
R030,860,乘客762,乘客762,否,0,1,399,337,08:05,09:00,07:53,08:48,55.0,21.0,21.0,0.0
R030,861,乘客763,乘客763,否,0,1,400,346,08:15,09:20,08:03,08:58,55.0,17.0,25.0,0.0
R030,862,乘客764,乘客764,否,0,1,401,337,08:25,09:00,08:08,08:48,40.0,21.0,8.0,0.0
R030,863,乘客765,乘客765,否,0,1,402,337,08:35,09:00,08:14,08:48,34.0,21.0,4.0,0.0
R030,863,乘客765,乘客765跟車,否,0,1,402,337,08:35,09:00,08:14,08:48,34.0,21.0,4.0,0.0
R030,219,乘客186,乘客186,否,0,1,123,387,09:20,09:35,09:13,09:26,13.0,11.0,0.0,0.0
R030,219,乘客186,乘客187,否,0,1,123,387,09:20,09:35,09:13,09:26,13.0,11.0,0.0,0.0
R030,795,乘客698,乘客698,否,0,1,373,600,10:00,10:25,09:48,10:04,16.0,15.0,0.0,0.0
R031,1752,乘客1492,乘客1492,是,1,0,712,600,07:00,08:45,07:00,08:49,109.0,50.0,44.0,4.0
R031,1752,乘客1492,乘客1492跟車,否,0,1,712,600,07:00,08:45,07:00,08:49,109.0,50.0,44.0,4.0
R031,1754,乘客1493,乘客1493,是,1,0,713,749,07:15,08:35,07:12,08:37,85.0,53.0,25.0,2.0
R031,1757,乘客1495,乘客1495,是,1,0,715,792,07:50,09:10,07:44,09:14,90.0,50.0,30.0,4.0
R031,1758,乘客1496,乘客1496,是,1,0,716,420,09:20,09:40,09:32,09:47,15.0,11.0,0.0,7.0
R031,1758,乘客1496,乘客1496跟車,否,0,1,716,420,09:20,09:40,09:32,09:47,15.0,11.0,0.0,7.0
R032,2327,乘客1973,乘客1973,是,1,0,794,756,07:15,08:45,06:57,08:23,86.0,32.0,41.0,0.0
R032,2346,乘客1988,乘客1988,否,0,1,955,178,08:00,09:00,07:20,08:45,85.0,34.0,38.0,0.0
R032,2330,乘客1975,乘客1975,是,1,0,951,314,08:00,09:10,07:50,09:09,79.0,33.0,30.0,0.0
R032,2332,乘客1977,乘客1977,是,1,0,952,314,08:35,09:10,08:16,09:09,53.0,21.0,21.0,0.0
R032,2332,乘客1977,乘客1977跟車,否,0,1,952,314,08:35,09:10,08:16,09:09,53.0,21.0,21.0,0.0
R032,26,乘客23,乘客23,否,0,1,38,1008,09:10,09:50,09:31,09:54,23.0,22.0,0.0,4.0
R033,2104,乘客1798,乘客1798,否,0,1,861,868,07:10,07:50,06:57,07:51,54.0,44.0,7.0,1.0
R033,2328,乘客1974,乘客1974,否,0,1,950,314,07:30,09:10,07:16,08:52,96.0,36.0,48.0,0.0
R033,2328,乘客1974,乘客1974跟車,否,0,1,950,314,07:30,09:10,07:16,08:52,96.0,36.0,48.0,0.0
R033,2081,乘客1778,乘客1778,是,1,0,849,534,08:15,08:50,08:22,08:41,19.0,15.0,0.0,0.0
R033,2081,乘客1778,乘客1778跟車,否,0,1,849,534,08:15,08:50,08:22,08:41,19.0,15.0,0.0,0.0
R033,2106,乘客1800,乘客1800,否,0,1,863,201,09:30,10:15,09:04,09:53,49.0,22.0,17.0,0.0
R033,2107,乘客1801,乘客1801,是,1,0,864,201,09:40,10:15,09:17,09:53,36.0,21.0,9.0,0.0
R033,2108,乘客1802,乘客1802,否,0,1,865,201,09:50,10:15,09:26,09:53,27.0,22.0,0.0,0.0
R034,1733,乘客1475,乘客1475,否,0,1,704,707,07:10,07:45,06:54,07:49,55.0,32.0,20.0,4.0
R034,1542,乘客1317,乘客1317,否,0,1,484,376,07:15,07:40,07:17,07:42,25.0,24.0,0.0,2.0
R034,1734,乘客1476,乘客1476,是,1,0,705,1109,08:00,09:10,08:08,09:08,60.0,19.0,22.0,0.0
R034,1735,乘客1477,乘客1477,是,1,0,569,520,08:10,08:55,08:21,08:55,34.0,17.0,9.0,0.0
R034,1736,乘客1478,乘客1478,是,1,0,706,1109,08:40,09:10,08:43,09:08,25.0,11.0,4.0,0.0
R034,1736,乘客1478,乘客1478跟車,否,0,1,706,1109,08:40,09:10,08:43,09:08,25.0,11.0,4.0,0.0
R034,1280,乘客1103,乘客1103,否,0,1,544,157,09:10,10:10,09:17,09:50,33.0,8.0,22.0,0.0
R034,1022,乘客889,乘客889,否,0,1,447,157,09:10,10:20,09:35,09:50,15.0,13.0,0.0,0.0
R035,1732,乘客1474,乘客1474,是,1,0,703,578,07:00,08:30,06:40,07:36,56.0,22.0,29.0,0.0
R035,1665,乘客1416,乘客1416,否,0,1,682,175,07:40,08:05,07:02,07:18,16.0,15.0,0.0,0.0
R035,1666,乘客1417,乘客1417,否,0,1,683,521,08:30,09:05,08:03,08:47,44.0,17.0,24.0,0.0
R035,1225,乘客1063,乘客1063,否,0,1,524,1083,08:30,09:05,08:17,08:54,37.0,11.0,23.0,0.0
R035,1667,乘客1418,乘客1418,否,0,1,684,521,08:35,09:05,08:31,09:01,30.0,15.0,12.0,0.0
R035,1072,乘客928,乘客928,否,0,1,468,157,09:35,10:10,09:19,09:35,16.0,6.0,2.0,0.0
R035,1073,乘客929,乘客929,是,1,0,469,157,10:00,10:10,09:27,09:35,8.0,4.0,0.0,0.0
R036,1180,乘客1025,乘客1025,否,0,1,507,1080,07:10,08:05,06:49,07:53,64.0,42.0,16.0,0.0
R036,978,乘客855,乘客855,否,0,1,433,288,07:25,08:20,07:05,08:16,71.0,34.0,30.0,0.0
R036,363,乘客308,乘客308,是,1,0,182,222,07:55,08:40,07:26,08:34,68.0,26.0,33.0,0.0
R036,1149,乘客994,乘客994,否,0,1,497,387,08:15,08:45,08:02,08:45,43.0,11.0,23.0,0.0
R036,1085,乘客941,乘客941,否,0,1,405,387,08:20,08:50,08:25,08:45,20.0,8.0,7.0,0.0
R036,1086,乘客942,乘客942,否,0,1,405,476,08:20,09:25,08:25,09:15,50.0,17.0,25.0,0.0
R036,979,乘客856,乘客856,否,0,1,405,346,08:30,09:15,08:25,08:54,29.0,9.0,14.0,0.0
R036,1088,乘客944,乘客944,否,0,1,380,259,09:15,10:15,09:03,09:47,44.0,11.0,25.0,0.0
R036,365,乘客310,乘客310,否,0,1,184,521,09:30,09:55,09:27,09:38,11.0,8.0,0.0,0.0
R036,366,乘客311,乘客311,否,0,1,184,521,09:40,09:55,09:27,09:38,11.0,8.0,0.0,0.0
R036,366,乘客311,乘客312,否,0,1,184,521,09:40,09:55,09:27,09:38,11.0,8.0,0.0,0.0
R037,2273,乘客1932,乘客1932,是,1,0,924,930,06:40,07:25,06:04,07:20,76.0,57.0,11.0,0.0
R037,1583,乘客1349,乘客1349,是,1,0,654,947,07:00,07:50,06:17,07:40,83.0,40.0,36.0,0.0
R037,1584,乘客1350,乘客1350,否,0,1,655,948,07:10,08:15,06:22,08:16,114.0,47.0,54.0,1.0
R037,1369,乘客1182,乘客1182,是,1,0,580,211,07:50,09:00,07:53,08:34,41.0,17.0,17.0,0.0
R037,1717,乘客1463,乘客1463,否,0,1,698,826,08:10,09:30,08:04,08:42,38.0,15.0,16.0,0.0
R037,1717,乘客1463,乘客1463跟車,否,0,1,698,826,08:10,09:30,08:04,08:42,38.0,15.0,16.0,0.0
R037,1586,乘客1352,乘客1352,否,0,1,657,210,08:20,09:50,08:23,09:03,40.0,13.0,14.0,0.0
R037,1588,乘客1354,乘客1354,是,1,0,659,210,09:35,09:50,08:55,09:03,8.0,4.0,0.0,0.0
R038,2147,乘客1833,乘客1833,否,0,1,882,880,07:05,07:40,07:02,07:32,30.0,29.0,0.0,0.0
R038,557,乘客484,乘客484,是,1,0,272,191,08:00,09:40,07:57,09:28,91.0,26.0,40.0,0.0
R038,560,乘客486,乘客486,是,1,0,274,277,08:25,08:55,08:13,08:48,35.0,11.0,12.0,0.0
R038,560,乘客486,乘客486跟車,否,0,1,274,277,08:25,08:55,08:13,08:48,35.0,11.0,12.0,0.0
R038,562,乘客487,乘客487,是,1,0,275,277,08:45,08:55,08:26,08:48,22.0,6.0,8.0,0.0
R038,1204,乘客1043,乘客1043,否,0,1,514,258,08:50,10:30,08:33,09:54,81.0,24.0,37.0,0.0
R038,563,乘客488,乘客488,是,1,0,275,276,09:10,09:55,08:59,09:40,41.0,24.0,10.0,0.0
R038,563,乘客488,乘客488跟車,否,0,1,275,276,09:10,09:55,08:59,09:40,41.0,24.0,10.0,0.0
R039,703,乘客608,乘客608,否,0,1,123,222,07:15,08:20,07:01,07:38,37.0,11.0,22.0,0.0
R039,719,乘客623,乘客623,否,0,1,339,221,07:25,08:55,07:15,08:31,76.0,33.0,35.0,0.0
R039,720,乘客624,乘客624,否,0,1,340,222,07:40,08:10,07:25,07:38,13.0,11.0,0.0,0.0
R039,722,乘客626,乘客626,否,0,1,342,221,08:20,08:55,07:48,08:31,43.0,34.0,5.0,0.0
R039,723,乘客627,乘客627,否,0,1,343,221,08:30,08:55,07:55,08:31,36.0,33.0,0.0,0.0
R039,215,乘客182,乘客182,否,0,1,121,387,08:55,09:35,08:44,09:33,49.0,13.0,23.0,0.0
R039,215,乘客182,乘客183,否,0,1,121,387,08:55,09:35,08:44,09:33,49.0,13.0,23.0,0.0
R039,217,乘客184,乘客184,是,1,0,122,387,09:10,09:35,08:57,09:33,36.0,11.0,17.0,0.0
R039,217,乘客184,乘客185,否,0,1,122,387,09:10,09:35,08:57,09:33,36.0,11.0,17.0,0.0
R039,725,乘客629,乘客629,否,0,1,345,387,09:15,09:35,09:15,09:33,18.0,11.0,0.0,0.0
R039,1315,乘客1137,乘客1137,是,1,0,558,559,09:35,09:55,09:50,09:59,9.0,6.0,0.0,4.0
R040,2091,乘客1787,乘客1787,否,0,1,854,784,07:35,09:20,07:11,08:55,104.0,31.0,55.0,0.0
R040,2092,乘客1788,乘客1788,是,1,0,855,748,07:50,09:00,07:23,08:45,82.0,31.0,38.0,0.0
R040,2437,乘客2055,乘客2055,否,0,1,995,1001,08:15,09:25,07:37,09:17,100.0,31.0,55.0,0.0
R040,2439,乘客2057,乘客2057,否,0,1,997,1000,08:40,08:50,07:55,08:05,10.0,9.0,0.0,0.0
R040,2094,乘客1790,乘客1790,是,1,0,857,748,08:50,09:00,08:26,08:45,19.0,13.0,0.0,0.0
R040,2095,乘客1791,乘客1791,是,1,0,858,860,09:45,10:00,09:50,10:02,12.0,8.0,0.0,2.0
R040,2095,乘客1791,乘客1791跟車,否,0,1,858,860,09:45,10:00,09:50,10:02,12.0,8.0,0.0,2.0
R041,1744,乘客1484,乘客1484,否,0,1,708,386,07:05,08:40,06:48,08:19,91.0,42.0,45.0,0.0
R041,1368,乘客1181,乘客1181,否,0,1,579,976,07:10,07:40,07:11,07:43,32.0,31.0,0.0,3.0
R041,1182,乘客1027,乘客1027,否,0,1,122,975,08:15,08:55,08:01,08:29,28.0,17.0,9.0,0.0
R041,1295,乘客1118,乘客1118,否,0,1,550,850,09:00,10:15,08:58,09:46,48.0,22.0,19.0,0.0
R041,1296,乘客1119,乘客1119,否,0,1,551,850,09:30,10:15,09:14,09:46,32.0,17.0,9.0,0.0
R041,1297,乘客1120,乘客1120,否,0,1,552,850,09:45,10:15,09:26,09:46,20.0,13.0,2.0,0.0
R041,1298,乘客1121,乘客1121,否,0,1,553,850,10:00,10:15,09:38,09:46,8.0,4.0,0.0,0.0
R042,1051,乘客913,乘客913,是,1,0,461,460,07:05,07:35,06:55,07:17,22.0,19.0,0.0,0.0
R042,1052,乘客914,乘客914,是,1,0,462,211,07:45,09:00,07:27,08:12,45.0,11.0,17.0,0.0
R042,1370,乘客1183,乘客1183,是,1,0,581,211,08:05,09:00,07:42,08:12,30.0,13.0,4.0,0.0
R042,1053,乘客915,乘客915,是,1,0,463,211,08:25,09:00,07:52,08:12,20.0,11.0,0.0,0.0
R042,1171,乘客1016,乘客1016,否,0,1,504,211,09:00,09:40,08:21,08:40,19.0,8.0,9.0,0.0
R042,1587,乘客1353,乘客1353,否,0,1,658,210,09:15,09:50,08:33,09:08,35.0,8.0,24.0,0.0
R042,1056,乘客918,乘客918,否,0,1,324,191,09:45,10:25,08:52,09:55,63.0,21.0,33.0,0.0
R042,1057,乘客919,乘客919,是,1,0,466,191,09:50,10:25,09:29,09:55,26.0,22.0,0.0,0.0
R043,1828,乘客1558,乘客1558,否,0,1,750,201,07:10,08:05,07:04,07:42,38.0,19.0,16.0,0.0
R043,1829,乘客1559,乘客1559,否,0,1,751,201,07:30,08:05,07:27,07:42,15.0,13.0,0.0,0.0
R043,1831,乘客1561,乘客1561,是,1,0,753,191,08:20,09:10,07:54,09:06,72.0,32.0,25.0,0.0
R043,2350,乘客1991,乘客1991,是,1,0,321,540,08:35,08:50,08:15,08:37,22.0,17.0,0.0,0.0
R043,2350,乘客1991,乘客1991跟車,否,0,1,321,540,08:35,08:50,08:15,08:37,22.0,17.0,0.0,0.0
R043,2350,乘客1991,乘客1991跟車,否,0,1,321,540,08:35,08:50,08:15,08:37,22.0,17.0,0.0,0.0
R043,1832,乘客1562,乘客1562,否,0,1,754,158,08:55,09:40,08:57,09:26,29.0,13.0,8.0,0.0
R043,1833,乘客1563,乘客1563,是,1,0,471,61,09:20,09:50,09:12,09:40,28.0,15.0,9.0,0.0
R043,1834,乘客1564,乘客1564,是,1,0,755,185,10:00,10:15,09:50,10:04,14.0,11.0,0.0,0.0
R044,210,乘客178,乘客178,是,1,0,117,116,06:40,07:10,06:45,07:11,26.0,22.0,0.0,1.0
R044,210,乘客178,乘客178跟車,否,0,1,117,116,06:40,07:10,06:45,07:11,26.0,22.0,0.0,1.0
R044,2119,乘客1813,乘客1813,是,1,0,872,179,07:30,07:55,07:26,07:46,20.0,17.0,0.0,0.0
R044,1585,乘客1351,乘客1351,是,1,0,656,477,08:00,08:35,07:58,08:39,41.0,11.0,17.0,4.0
R044,1715,乘客1462,乘客1462,是,1,0,697,534,08:00,08:55,08:09,09:00,51.0,17.0,18.0,5.0
R044,1715,乘客1462,乘客1462跟車,否,0,1,697,534,08:00,08:55,08:09,09:00,51.0,17.0,18.0,5.0
R044,1719,乘客1464,乘客1464,是,1,0,699,534,08:20,08:55,08:23,09:00,37.0,17.0,9.0,5.0
R044,1719,乘客1464,乘客1464跟車,否,0,1,699,534,08:20,08:55,08:23,09:00,37.0,17.0,9.0,5.0
R044,1089,乘客945,乘客945,是,1,0,472,259,09:30,10:15,09:22,09:38,16.0,6.0,4.0,0.0
R044,1089,乘客945,乘客946,否,0,1,472,259,09:30,10:15,09:22,09:38,16.0,6.0,4.0,0.0
R044,1091,乘客947,乘客947,否,0,1,473,259,09:40,10:15,09:27,09:38,11.0,6.0,0.0,0.0
R045,88,乘客75,乘客75,是,1,0,72,31,07:00,08:30,06:47,07:31,44.0,17.0,21.0,0.0
R045,88,乘客75,乘客75跟車,否,0,1,72,31,07:00,08:30,06:47,07:31,44.0,17.0,21.0,0.0
R045,57,乘客53,乘客53,否,0,1,55,1011,07:20,08:05,06:59,07:19,20.0,19.0,0.0,0.0
R045,2151,乘客1835,乘客1835,否,0,1,883,70,08:40,09:30,07:57,09:33,96.0,34.0,32.0,3.0
R045,2151,乘客1835,乘客1835跟車,否,0,1,883,70,08:40,09:30,07:57,09:33,96.0,34.0,32.0,3.0
R045,2153,乘客1836,乘客1836,是,1,0,884,70,08:50,09:30,08:10,09:33,83.0,34.0,24.0,3.0
R045,2153,乘客1836,乘客1836跟車,否,0,1,884,70,08:50,09:30,08:10,09:33,83.0,34.0,24.0,3.0
R045,2155,乘客1837,乘客1837,是,1,0,885,70,08:55,09:30,08:21,09:33,72.0,33.0,19.0,3.0
R045,2155,乘客1837,乘客1837跟車,否,0,1,885,70,08:55,09:30,08:21,09:33,72.0,33.0,19.0,3.0
R045,1701,乘客1453,乘客1453,是,1,0,693,70,09:05,09:30,08:53,09:33,40.0,26.0,0.0,3.0
R045,1701,乘客1453,乘客1453跟車,否,0,1,693,70,09:05,09:30,08:53,09:33,40.0,26.0,0.0,3.0
R045,1701,乘客1453,乘客1453跟車,否,0,1,693,70,09:05,09:30,08:53,09:33,40.0,26.0,0.0,3.0
R046,326,乘客275,乘客275,是,1,0,161,164,07:00,07:55,07:04,07:57,53.0,24.0,19.0,2.0
R046,328,乘客277,乘客277,是,1,0,163,452,07:25,07:45,07:23,07:45,22.0,19.0,0.0,0.0
R046,329,乘客278,乘客278,否,0,1,164,359,07:55,08:05,07:58,08:08,10.0,9.0,0.0,3.0
R046,639,乘客552,乘客552,是,1,0,306,160,08:35,08:55,08:22,08:48,26.0,15.0,5.0,0.0
R046,639,乘客552,乘客552跟車,否,0,1,306,160,08:35,08:55,08:22,08:48,26.0,15.0,5.0,0.0
R046,774,乘客676,乘客676,否,0,1,366,160,08:35,08:55,08:34,08:48,14.0,9.0,0.0,0.0
R046,330,乘客279,乘客279,否,0,1,165,170,08:55,09:45,09:13,09:42,29.0,17.0,7.0,0.0
R046,333,乘客282,乘客282,是,1,0,168,185,09:25,10:15,09:32,10:00,28.0,15.0,9.0,0.0
R047,1611,乘客1373,乘客1373,是,1,0,667,131,07:00,08:20,06:59,08:13,74.0,39.0,23.0,0.0
R047,1611,乘客1373,乘客1374,否,0,1,667,131,07:00,08:20,06:59,08:13,74.0,39.0,23.0,0.0
R047,2393,乘客2024,乘客2024,否,0,1,970,109,07:35,08:45,07:20,08:36,76.0,28.0,35.0,0.0
R047,2393,乘客2024,乘客2024跟車,否,0,1,970,109,07:35,08:45,07:20,08:36,76.0,28.0,35.0,0.0
R047,2395,乘客2025,乘客2025,否,0,1,971,70,07:40,08:45,07:25,08:43,78.0,29.0,32.0,0.0
R047,2396,乘客2026,乘客2026,是,1,0,972,70,08:00,08:45,07:43,08:43,60.0,28.0,20.0,0.0
R047,2396,乘客2026,乘客2026跟車,否,0,1,972,70,08:00,08:45,07:43,08:43,60.0,28.0,20.0,0.0
R047,25,乘客22,乘客22,否,0,1,37,115,08:25,08:55,08:25,08:57,32.0,15.0,9.0,2.0
R047,2398,乘客2027,乘客2027,是,1,0,973,41,09:25,10:05,09:18,09:57,39.0,17.0,17.0,0.0
R047,2399,乘客2028,乘客2028,否,0,1,974,430,09:40,09:50,09:32,09:39,7.0,6.0,0.0,0.0
R048,2255,乘客1917,乘客1917,是,1,0,916,914,07:00,07:45,06:31,07:10,39.0,31.0,4.0,0.0
R048,24,乘客21,乘客21,否,0,1,36,45,07:40,08:00,06:38,07:35,57.0,26.0,27.0,0.0
R048,558,乘客485,乘客485,是,1,0,273,276,08:05,09:55,07:59,09:19,80.0,24.0,29.0,0.0
R048,558,乘客485,乘客485跟車,否,0,1,273,276,08:05,09:55,07:59,09:19,80.0,24.0,29.0,0.0
R048,389,乘客332,乘客332,否,0,1,193,578,08:15,09:20,08:10,09:01,51.0,15.0,23.0,0.0
R048,389,乘客332,乘客332跟車,否,0,1,193,578,08:15,09:20,08:10,09:01,51.0,15.0,23.0,0.0
R048,681,乘客592,乘客592,是,1,0,322,276,08:45,09:55,08:23,09:19,56.0,17.0,19.0,0.0
R048,681,乘客592,乘客592跟車,否,0,1,322,276,08:45,09:55,08:23,09:19,56.0,17.0,19.0,0.0
R048,683,乘客593,乘客593,是,1,0,323,276,08:55,09:55,08:34,09:19,45.0,17.0,13.0,0.0
R048,683,乘客593,乘客593跟車,否,0,1,323,276,08:55,09:55,08:34,09:19,45.0,17.0,13.0,0.0
R048,523,乘客450,乘客450,否,0,1,255,374,09:05,10:25,08:44,09:29,45.0,8.0,22.0,0.0
R049,2174,乘客1851,乘客1851,是,1,0,220,681,07:00,07:45,07:04,07:43,39.0,36.0,0.0,0.0
R049,707,乘客612,乘客612,否,0,1,333,1047,08:00,08:55,08:21,08:55,34.0,17.0,13.0,0.0
R049,707,乘客612,乘客612跟車,否,0,1,333,1047,08:00,08:55,08:21,08:55,34.0,17.0,13.0,0.0
R049,599,乘客515,乘客515,否,0,1,290,276,08:20,09:55,08:34,09:57,83.0,36.0,28.0,2.0
R049,599,乘客515,乘客515跟車,否,0,1,290,276,08:20,09:55,08:34,09:57,83.0,36.0,28.0,2.0
R049,601,乘客516,乘客516,是,1,0,291,909,08:55,09:40,09:14,09:38,24.0,21.0,0.0,0.0
R049,602,乘客517,乘客517,是,1,0,291,276,08:55,09:55,09:14,09:57,43.0,26.0,8.0,2.0
R049,602,乘客517,乘客517跟車,否,0,1,291,276,08:55,09:55,09:14,09:57,43.0,26.0,8.0,2.0
R050,1681,乘客1430,乘客1430,是,1,0,685,59,07:00,07:40,06:47,07:27,40.0,26.0,9.0,0.0
R050,1681,乘客1430,乘客1430跟車,否,0,1,685,59,07:00,07:40,06:47,07:27,40.0,26.0,9.0,0.0
R050,189,乘客161,乘客161,否,0,1,110,43,07:00,08:50,07:14,08:17,63.0,28.0,26.0,0.0
R050,1684,乘客1432,乘客1432,否,0,1,687,33,08:10,08:30,07:35,07:54,19.0,17.0,0.0,0.0
R050,1684,乘客1432,乘客1432跟車,否,0,1,687,33,08:10,08:30,07:35,07:54,19.0,17.0,0.0,0.0
R050,2115,乘客1809,乘客1809,是,1,0,47,915,09:00,09:40,08:30,09:25,55.0,34.0,14.0,0.0
R050,1686,乘客1433,乘客1433,是,1,0,687,578,09:20,09:45,09:03,09:43,40.0,24.0,10.0,0.0
R051,2316,乘客1963,乘客1963,否,0,1,943,61,07:00,08:30,06:48,08:10,82.0,34.0,36.0,0.0
R051,2317,乘客1964,乘客1964,否,0,1,944,61,07:15,08:30,06:58,08:10,72.0,36.0,25.0,0.0
R051,2318,乘客1965,乘客1965,否,0,1,945,61,07:45,08:30,07:18,08:10,52.0,26.0,16.0,0.0
R051,792,乘客695,乘客695,是,1,0,370,61,08:05,08:20,07:51,08:10,19.0,13.0,0.0,0.0
R051,2319,乘客1966,乘客1966,否,0,1,946,600,08:40,09:10,08:22,09:15,53.0,26.0,17.0,5.0
R051,2320,乘客1967,乘客1967,否,0,1,914,600,08:50,09:10,08:39,09:15,36.0,17.0,11.0,5.0
R051,2320,乘客1967,乘客1967跟車,否,0,1,914,600,08:50,09:10,08:39,09:15,36.0,17.0,11.0,5.0
R051,1067,乘客925,乘客925,是,1,0,196,185,08:50,10:30,08:55,09:36,41.0,9.0,25.0,0.0
R051,1067,乘客925,乘客925跟車,否,0,1,196,185,08:50,10:30,08:55,09:36,41.0,9.0,25.0,0.0
R052,44,乘客41,乘客41,是,1,0,47,901,07:00,07:40,06:50,07:19,29.0,17.0,8.0,0.0
R052,45,乘客42,乘客42,否,0,1,48,53,07:10,08:55,06:59,08:38,99.0,36.0,47.0,0.0
R052,1683,乘客1431,乘客1431,否,0,1,686,133,07:45,08:50,07:37,08:04,27.0,4.0,15.0,0.0
R052,46,乘客43,乘客43,是,1,0,49,133,08:00,08:30,07:49,08:04,15.0,11.0,0.0,0.0
R052,47,乘客44,乘客44,否,0,1,50,53,08:50,08:55,08:16,08:38,22.0,8.0,11.0,0.0
R052,1545,乘客1320,乘客1320,否,0,1,645,31,08:50,10:20,08:25,09:23,58.0,26.0,23.0,0.0
R052,48,乘客45,乘客45,是,1,0,51,42,09:40,10:25,08:58,09:45,47.0,26.0,14.0,0.0
R052,48,乘客45,乘客45跟車,否,0,1,51,42,09:40,10:25,08:58,09:45,47.0,26.0,14.0,0.0
R052,50,乘客46,乘客46,否,0,1,52,42,10:00,10:25,09:14,09:45,31.0,17.0,8.0,0.0
R053,254,乘客212,乘客212,是,1,0,135,1023,07:15,07:50,07:19,07:54,35.0,32.0,0.0,4.0
R053,73,乘客64,乘客64,是,1,0,63,32,07:50,09:50,08:26,09:42,76.0,26.0,39.0,0.0
R053,74,乘客65,乘客65,否,0,1,64,32,08:00,09:50,08:36,09:42,66.0,26.0,30.0,0.0
R053,75,乘客66,乘客66,否,0,1,65,32,08:10,09:50,08:45,09:42,57.0,26.0,22.0,0.0
R053,76,乘客67,乘客67,否,0,1,66,31,08:50,09:50,08:59,09:45,46.0,19.0,18.0,0.0
R053,77,乘客68,乘客68,否,0,1,67,32,09:05,09:50,09:09,09:50,41.0,17.0,13.0,0.0
R053,78,乘客69,乘客69,否,0,1,68,32,09:25,09:50,09:23,09:50,27.0,11.0,6.0,0.0
R053,79,乘客70,乘客70,否,0,1,69,32,09:30,09:50,09:28,09:50,22.0,9.0,4.0,0.0
R054,346,乘客294,乘客294,是,1,0,174,701,07:15,07:40,07:18,07:34,16.0,13.0,0.0,0.0
R054,349,乘客297,乘客297,否,0,1,176,540,08:15,08:45,07:52,08:25,33.0,13.0,10.0,0.0
R054,350,乘客298,乘客298,是,1,0,177,540,08:30,08:45,08:14,08:25,11.0,6.0,0.0,0.0
R054,350,乘客298,乘客298跟車,否,0,1,177,540,08:30,08:45,08:14,08:25,11.0,6.0,0.0,0.0
R054,619,乘客533,乘客533,是,1,0,299,394,08:50,09:10,08:49,09:06,17.0,13.0,0.0,0.0
R054,619,乘客533,乘客533跟車,否,0,1,299,394,08:50,09:10,08:49,09:06,17.0,13.0,0.0,0.0
R054,2418,乘客2043,乘客2043,是,1,0,961,201,09:15,09:35,09:25,09:39,14.0,11.0,0.0,4.0
R054,480,乘客409,乘客409,否,0,1,232,237,09:40,10:10,10:04,10:19,15.0,8.0,2.0,9.0
R054,481,乘客410,乘客410,否,0,1,233,237,10:00,10:10,10:14,10:19,5.0,2.0,0.0,9.0
R054,481,乘客410,乘客411,否,0,1,233,237,10:00,10:10,10:14,10:19,5.0,2.0,0.0,9.0
R055,1166,乘客1011,乘客1011,是,1,0,501,211,07:05,08:50,07:09,08:46,97.0,28.0,38.0,0.0
R055,1167,乘客1012,乘客1012,是,1,0,502,139,07:25,08:20,07:30,08:14,44.0,24.0,4.0,0.0
R055,1168,乘客1013,乘客1013,是,1,0,157,139,07:50,08:20,07:46,08:14,28.0,19.0,0.0,0.0
R055,1168,乘客1013,乘客1014,是,1,0,157,139,07:50,08:20,07:46,08:14,28.0,19.0,0.0,0.0
R055,268,乘客224,乘客224,否,0,1,144,292,08:20,09:40,08:24,09:04,40.0,11.0,11.0,0.0
R055,1170,乘客1015,乘客1015,是,1,0,503,211,08:40,08:50,08:34,08:46,12.0,6.0,0.0,0.0
R055,1172,乘客1017,乘客1017,是,1,0,505,211,09:10,09:40,08:55,09:19,24.0,2.0,15.0,0.0
R055,1172,乘客1017,乘客1018,是,1,0,505,211,09:10,09:40,08:55,09:19,24.0,2.0,15.0,0.0
R056,1394,乘客1207,乘客1207,否,0,1,590,486,07:15,08:15,07:06,08:04,58.0,21.0,32.0,0.0
R056,1394,乘客1207,乘客1207跟車,否,0,1,590,486,07:15,08:15,07:06,08:04,58.0,21.0,32.0,0.0
R056,1396,乘客1208,乘客1208,否,0,1,353,486,07:50,08:15,07:24,08:04,40.0,11.0,25.0,0.0
R056,1348,乘客1163,乘客1163,否,0,1,571,311,07:50,09:50,07:46,09:11,85.0,26.0,39.0,0.0
R056,1247,乘客1080,乘客1080,是,1,0,533,853,08:40,09:05,08:25,08:47,22.0,19.0,0.0,0.0
R056,1452,乘客1242,乘客1242,是,1,0,613,615,09:10,09:25,09:00,09:08,8.0,4.0,0.0,0.0
R056,1452,乘客1242,乘客1242跟車,否,0,1,613,615,09:10,09:25,09:00,09:08,8.0,4.0,0.0,0.0
R056,643,乘客555,乘客555,是,1,0,309,312,09:50,10:30,09:21,09:43,22.0,8.0,7.0,0.0
R056,1186,乘客1031,乘客1031,是,1,0,511,866,10:00,10:40,09:31,10:03,32.0,17.0,9.0,0.0
R057,2381,乘客2013,乘客2013,是,1,0,262,770,07:00,08:40,06:46,08:24,98.0,39.0,40.0,0.0
R057,1814,乘客1545,乘客1545,是,1,0,740,785,08:00,08:35,07:23,07:59,36.0,8.0,16.0,0.0
R057,1815,乘客1546,乘客1546,否,0,1,741,764,08:05,09:30,07:30,08:55,85.0,22.0,40.0,0.0
R057,1816,乘客1547,乘客1547,是,1,0,742,793,08:15,09:00,07:43,08:37,54.0,22.0,21.0,0.0
R057,1817,乘客1548,乘客1548,是,1,0,742,726,08:15,10:10,07:43,09:29,106.0,33.0,49.0,0.0
R057,1818,乘客1549,乘客1549,否,0,1,743,793,08:30,09:00,07:50,08:37,47.0,22.0,15.0,0.0
R057,1819,乘客1550,乘客1550,是,1,0,744,726,09:10,10:10,08:45,09:29,44.0,17.0,18.0,0.0
R057,1820,乘客1551,乘客1551,否,0,1,745,726,09:45,10:10,09:07,09:29,22.0,15.0,0.0,0.0
R058,2062,乘客1767,乘客1767,是,1,0,841,314,07:20,08:45,07:25,08:49,84.0,47.0,25.0,4.0
R058,2062,乘客1767,乘客1767跟車,否,0,1,841,314,07:20,08:45,07:25,08:49,84.0,47.0,25.0,4.0
R058,2064,乘客1768,乘客1768,否,0,1,842,314,08:00,08:45,08:11,08:49,38.0,17.0,11.0,4.0
R058,2064,乘客1768,乘客1768跟車,否,0,1,842,314,08:00,08:45,08:11,08:49,38.0,17.0,11.0,4.0
R058,2066,乘客1769,乘客1769,否,0,1,843,314,08:25,08:45,08:30,08:49,19.0,11.0,0.0,4.0
R058,2066,乘客1769,乘客1769跟車,否,0,1,843,314,08:25,08:45,08:30,08:49,19.0,11.0,0.0,4.0
R058,2068,乘客1770,乘客1770,是,1,0,844,423,09:35,10:05,09:50,10:12,22.0,6.0,6.0,7.0
R058,2069,乘客1771,乘客1771,是,1,0,845,423,09:45,10:05,10:00,10:12,12.0,6.0,0.0,7.0
R059,1201,乘客1040,乘客1040,是,1,0,181,116,07:05,07:20,07:06,07:17,11.0,8.0,0.0,0.0
R059,1202,乘客1041,乘客1041,是,1,0,513,259,07:40,08:25,07:34,08:15,41.0,19.0,14.0,0.0
R059,1203,乘客1042,乘客1042,是,1,0,372,851,08:00,08:35,07:47,08:24,37.0,17.0,13.0,0.0
R059,432,乘客367,乘客367,否,0,1,215,700,08:15,08:55,08:03,08:34,31.0,9.0,15.0,0.0
R059,1205,乘客1044,乘客1044,是,1,0,515,258,09:30,10:30,08:47,10:06,79.0,24.0,39.0,0.0
R059,1206,乘客1045,乘客1045,是,1,0,516,258,09:55,10:30,09:20,10:06,46.0,17.0,17.0,0.0
R059,1207,乘客1046,乘客1046,否,0,1,517,258,10:05,10:30,09:32,10:06,34.0,17.0,6.0,0.0
R059,1208,乘客1047,乘客1047,否,0,1,518,258,10:15,10:30,09:40,10:06,26.0,17.0,0.0,0.0
R059,1208,乘客1047,乘客1047跟車,否,0,1,518,258,10:15,10:30,09:40,10:06,26.0,17.0,0.0,0.0
R060,672,乘客587,乘客587,是,1,0,318,160,07:05,08:25,06:57,08:24,87.0,34.0,37.0,0.0
R060,672,乘客587,乘客587跟車,否,0,1,318,160,07:05,08:25,06:57,08:24,87.0,34.0,37.0,0.0
R060,453,乘客386,乘客386,是,1,0,224,1034,07:50,08:15,07:30,08:09,39.0,17.0,14.0,0.0
R060,454,乘客387,乘客387,是,1,0,225,160,08:00,08:30,07:40,08:32,52.0,17.0,23.0,2.0
R060,793,乘客696,乘客696,否,0,1,371,546,08:10,08:25,07:58,08:27,29.0,11.0,10.0,2.0
R060,1987,乘客1702,乘客1702,否,0,1,809,374,08:35,08:50,08:44,08:51,7.0,6.0,0.0,1.0
R060,455,乘客388,乘客388,是,1,0,200,540,08:50,09:20,09:05,09:24,19.0,15.0,0.0,4.0
R060,455,乘客388,乘客388跟車,否,0,1,200,540,08:50,09:20,09:05,09:24,19.0,15.0,0.0,4.0
R060,461,乘客391,乘客391,否,0,1,194,192,09:40,10:05,09:29,09:56,27.0,17.0,2.0,0.0
R060,462,乘客392,乘客392,是,1,0,228,192,09:50,10:05,09:39,09:56,17.0,13.0,0.0,0.0
R061,1326,乘客1148,乘客1148,否,0,1,562,814,07:20,08:35,07:21,08:19,58.0,22.0,21.0,0.0
R061,1327,乘客1149,乘客1149,是,1,0,563,314,07:40,09:15,07:43,08:51,68.0,24.0,23.0,0.0
R061,1327,乘客1149,乘客1149跟車,否,0,1,563,314,07:40,09:15,07:43,08:51,68.0,24.0,23.0,0.0
R061,1329,乘客1150,乘客1150,是,1,0,564,314,07:50,09:15,07:56,08:51,55.0,22.0,16.0,0.0
R061,1332,乘客1152,乘客1152,是,1,0,566,314,08:25,09:15,08:12,08:51,39.0,19.0,8.0,0.0
R061,1332,乘客1152,乘客1152跟車,否,0,1,566,314,08:25,09:15,08:12,08:51,39.0,19.0,8.0,0.0
R061,914,乘客805,乘客805,是,1,0,418,314,09:15,09:50,09:13,09:51,38.0,17.0,8.0,1.0
R061,914,乘客805,乘客805跟車,否,0,1,418,314,09:15,09:50,09:13,09:51,38.0,17.0,8.0,1.0
R061,916,乘客806,乘客806,是,1,0,247,314,09:20,09:50,09:24,09:51,27.0,19.0,0.0,1.0
R061,916,乘客806,乘客806跟車,否,0,1,247,314,09:20,09:50,09:24,09:51,27.0,19.0,0.0,1.0
R061,644,乘客556,乘客556,否,0,1,310,312,10:00,10:30,10:00,10:10,10.0,9.0,0.0,0.0
R062,1200,乘客1039,乘客1039,是,1,0,512,116,06:50,07:20,06:45,07:01,16.0,13.0,0.0,0.0
R062,1346,乘客1161,乘客1161,是,1,0,570,621,07:40,09:05,07:26,08:18,52.0,15.0,25.0,0.0
R062,234,乘客200,乘客200,是,1,0,126,90,08:15,09:55,07:41,09:36,115.0,42.0,52.0,0.0
R062,235,乘客201,乘客201,否,0,1,127,133,08:25,09:05,07:48,08:36,48.0,21.0,19.0,0.0
R062,236,乘客202,乘客202,否,0,1,128,132,08:30,09:45,07:52,09:20,88.0,36.0,39.0,0.0
R062,236,乘客202,乘客202跟車,否,0,1,128,132,08:30,09:45,07:52,09:20,88.0,36.0,39.0,0.0
R062,238,乘客203,乘客203,否,0,1,129,131,08:40,09:45,07:58,09:24,86.0,37.0,36.0,0.0
R062,238,乘客203,乘客203跟車,否,0,1,129,131,08:40,09:45,07:58,09:24,86.0,37.0,36.0,0.0
R062,240,乘客204,乘客204,是,1,0,130,102,09:30,10:00,09:05,09:42,37.0,17.0,9.0,0.0
R062,240,乘客204,乘客204跟車,否,0,1,130,102,09:30,10:00,09:05,09:42,37.0,17.0,9.0,0.0
R063,718,乘客622,乘客622,否,0,1,338,222,07:20,08:10,06:36,07:20,44.0,15.0,22.0,0.0
R063,705,乘客610,乘客610,否,0,1,331,222,07:40,08:20,06:47,07:20,33.0,11.0,17.0,0.0
R063,704,乘客609,乘客609,否,0,1,331,221,07:40,08:25,06:47,07:55,68.0,33.0,26.0,0.0
R063,706,乘客611,乘客611,否,0,1,332,221,07:50,08:25,06:57,07:55,58.0,33.0,17.0,0.0
R063,709,乘客613,乘客613,否,0,1,334,221,08:05,08:25,07:05,07:55,50.0,32.0,12.0,0.0
R063,709,乘客613,乘客614,否,0,1,334,221,08:05,08:25,07:05,07:55,50.0,32.0,12.0,0.0
R063,1183,乘客1028,乘客1028,否,0,1,509,62,08:25,08:40,08:09,08:34,25.0,15.0,8.0,0.0
R063,1087,乘客943,乘客943,否,0,1,332,347,08:35,08:55,08:27,08:43,16.0,11.0,3.0,0.0
R063,711,乘客615,乘客615,否,0,1,335,600,09:10,09:40,08:59,09:24,25.0,6.0,13.0,0.0
R063,364,乘客309,乘客309,是,1,0,183,277,09:15,09:40,09:05,09:31,26.0,8.0,13.0,0.0
R063,712,乘客616,乘客616,否,0,1,336,600,09:25,09:40,09:14,09:36,22.0,9.0,8.0,0.0
R064,2391,乘客2023,乘客2023,是,1,0,969,141,07:10,08:15,07:03,07:45,42.0,17.0,19.0,0.0
R064,2391,乘客2023,乘客2023跟車,否,0,1,969,141,07:10,08:15,07:03,07:45,42.0,17.0,19.0,0.0
R064,388,乘客331,乘客331,否,0,1,143,180,07:45,08:00,07:23,07:35,12.0,11.0,0.0,0.0
R064,1371,乘客1184,乘客1184,否,0,1,582,211,08:25,09:00,08:03,08:33,30.0,13.0,15.0,0.0
R064,394,乘客336,乘客336,否,0,1,187,158,08:45,09:05,08:19,08:53,34.0,17.0,15.0,0.0
R064,397,乘客339,乘客339,是,1,0,197,327,09:40,10:15,09:10,09:49,39.0,8.0,18.0,0.0
R064,398,乘客340,乘客340,是,1,0,198,577,09:45,10:35,09:16,10:01,45.0,15.0,18.0,0.0
R064,399,乘客341,乘客341,否,0,1,199,327,09:50,10:15,09:21,09:49,28.0,8.0,12.0,0.0
R064,400,乘客342,乘客342,否,0,1,200,327,10:00,10:15,09:32,09:49,17.0,11.0,0.0,0.0
R064,400,乘客342,乘客342跟車,否,0,1,200,327,10:00,10:15,09:32,09:49,17.0,11.0,0.0,0.0
R065,1103,乘客959,乘客959,是,1,0,478,160,07:10,08:20,07:05,08:12,67.0,36.0,15.0,0.0
R065,1104,乘客960,乘客960,是,1,0,479,160,07:20,08:20,07:16,08:12,56.0,32.0,13.0,0.0
R065,1104,乘客960,乘客960跟車,否,0,1,479,160,07:20,08:20,07:16,08:12,56.0,32.0,13.0,0.0
R065,1106,乘客961,乘客961,否,0,1,480,1076,07:25,08:20,07:24,08:16,52.0,32.0,9.0,0.0
R065,1106,乘客961,乘客961跟車,否,0,1,480,1076,07:25,08:20,07:24,08:16,52.0,32.0,9.0,0.0
R065,1108,乘客962,乘客962,否,0,1,481,160,07:35,08:20,07:36,08:20,44.0,26.0,6.0,0.0
R065,791,乘客694,乘客694,否,0,1,369,160,07:45,08:25,07:54,08:20,26.0,11.0,4.0,0.0
R065,391,乘客333,乘客333,否,0,1,194,577,08:25,09:20,08:40,09:13,33.0,17.0,13.0,0.0
R065,1111,乘客964,乘客964,否,0,1,483,191,09:00,09:25,08:50,09:26,36.0,17.0,15.0,1.0
R065,1112,乘客965,乘客965,否,0,1,484,191,09:15,09:25,09:04,09:26,22.0,9.0,10.0,1.0
R065,1480,乘客1261,乘客1261,否,0,1,619,621,09:25,09:55,09:40,09:54,14.0,13.0,0.0,0.0
R066,1259,乘客1088,乘客1088,否,0,1,535,348,06:55,08:00,06:56,07:42,46.0,29.0,12.0,0.0
R066,1260,乘客1089,乘客1089,是,1,0,536,212,07:15,08:40,07:19,08:28,69.0,34.0,24.0,0.0
R066,1349,乘客1164,乘客1164,否,0,1,572,311,08:00,09:50,08:02,09:37,95.0,28.0,35.0,0.0
R066,1261,乘客1090,乘客1090,是,1,0,537,540,08:20,09:30,08:16,09:25,69.0,28.0,17.0,0.0
R066,1261,乘客1090,乘客1090跟車,否,0,1,537,540,08:20,09:30,08:16,09:25,69.0,28.0,17.0,0.0
R066,1261,乘客1090,乘客1090跟車,否,0,1,537,540,08:20,09:30,08:16,09:25,69.0,28.0,17.0,0.0
R066,1264,乘客1091,乘客1091,是,1,0,538,540,08:50,09:30,08:36,09:25,49.0,24.0,8.0,0.0
R066,1265,乘客1092,乘客1092,是,1,0,539,540,09:00,09:30,08:54,09:25,31.0,19.0,0.0,0.0
R066,1265,乘客1092,乘客1092跟車,否,0,1,539,540,09:00,09:30,08:54,09:25,31.0,19.0,0.0,0.0
R066,460,乘客390,乘客390,否,0,1,227,158,09:35,10:10,09:32,09:55,23.0,17.0,4.0,0.0
R067,2274,乘客1933,乘客1933,是,1,0,925,276,07:45,08:55,07:28,08:38,70.0,32.0,22.0,0.0
R067,2274,乘客1933,乘客1933跟車,否,0,1,925,276,07:45,08:55,07:28,08:38,70.0,32.0,22.0,0.0
R067,2276,乘客1934,乘客1934,是,1,0,926,276,08:20,08:55,07:58,08:38,40.0,28.0,2.0,0.0
R067,2276,乘客1934,乘客1934跟車,否,0,1,926,276,08:20,08:55,07:58,08:38,40.0,28.0,2.0,0.0
R067,2276,乘客1934,乘客1934跟車,否,0,1,926,276,08:20,08:55,07:58,08:38,40.0,28.0,2.0,0.0
R067,2279,乘客1935,乘客1935,否,0,1,927,359,08:40,09:05,08:23,08:45,22.0,11.0,1.0,0.0
R067,2280,乘客1936,乘客1936,否,0,1,928,1136,09:10,09:30,08:49,09:26,37.0,17.0,17.0,0.0
R067,2281,乘客1937,乘客1937,否,0,1,928,1137,09:10,09:30,08:49,09:35,46.0,17.0,25.0,5.0
R067,641,乘客553,乘客553,否,0,1,307,312,09:15,10:30,09:01,10:20,79.0,31.0,36.0,0.0
R067,1023,乘客890,乘客890,否,0,1,448,157,09:20,10:20,09:08,09:58,50.0,15.0,25.0,0.0
R067,1283,乘客1106,乘客1106,是,1,0,155,157,10:00,10:10,09:48,09:58,10.0,6.0,0.0,0.0
R068,430,乘客365,乘客365,是,1,0,213,293,07:15,07:40,07:12,07:32,20.0,17.0,0.0,0.0
R068,431,乘客366,乘客366,否,0,1,214,278,07:50,08:00,07:42,07:49,7.0,6.0,0.0,0.0
R068,2105,乘客1799,乘客1799,否,0,1,862,547,08:00,08:40,08:09,08:45,36.0,17.0,15.0,5.0
R068,433,乘客368,乘客368,否,0,1,216,259,08:25,08:35,08:25,08:35,10.0,9.0,0.0,0.0
R068,434,乘客369,乘客369,否,0,1,217,346,08:35,09:50,08:38,09:14,36.0,11.0,17.0,0.0
R068,436,乘客371,乘客371,否,0,1,219,346,09:30,09:50,08:57,09:14,17.0,13.0,0.0,0.0
R068,436,乘客371,乘客372,否,0,1,219,346,09:30,09:50,08:57,09:14,17.0,13.0,0.0,0.0
R068,436,乘客371,乘客372跟車,否,0,1,219,346,09:30,09:50,08:57,09:14,17.0,13.0,0.0,0.0
R068,1092,乘客948,乘客948,否,0,1,474,259,09:50,10:15,09:26,09:57,31.0,8.0,9.0,0.0
R068,1093,乘客949,乘客949,是,1,0,475,259,10:00,10:15,09:41,09:57,16.0,9.0,0.0,0.0
R068,1093,乘客949,乘客950,是,1,0,475,259,10:00,10:15,09:41,09:57,16.0,9.0,0.0,0.0
R069,2289,乘客1945,乘客1945,是,1,0,931,61,07:10,07:50,07:14,07:51,37.0,34.0,0.0,1.0
R069,1223,乘客1061,乘客1061,否,0,1,523,649,08:15,08:50,08:14,08:24,10.0,9.0,0.0,0.0
R069,2292,乘客1947,乘客1947,否,0,1,933,77,08:50,10:10,08:57,10:04,67.0,32.0,19.0,0.0
R069,2293,乘客1948,乘客1948,否,0,1,934,77,09:00,10:10,09:08,10:04,56.0,28.0,14.0,0.0
R069,2293,乘客1948,乘客1948跟車,否,0,1,934,77,09:00,10:10,09:08,10:04,56.0,28.0,14.0,0.0
R069,2296,乘客1950,乘客1950,是,1,0,936,125,09:10,09:40,09:18,09:35,17.0,8.0,4.0,0.0
R069,2295,乘客1949,乘客1949,否,0,1,935,77,09:10,10:10,09:21,10:04,43.0,26.0,8.0,0.0
R069,2297,乘客1951,乘客1951,否,0,1,937,77,09:25,10:10,09:30,10:04,34.0,24.0,2.0,0.0
R070,538,乘客465,乘客465,否,0,1,260,236,07:00,08:55,06:58,08:03,65.0,21.0,32.0,0.0
R070,540,乘客467,乘客467,是,1,0,262,235,07:50,09:05,07:15,08:10,55.0,21.0,23.0,0.0
R070,541,乘客468,乘客468,是,1,0,263,270,08:05,09:15,07:28,08:22,54.0,19.0,25.0,0.0
R070,541,乘客468,乘客469,否,0,1,263,270,08:05,09:15,07:28,08:22,54.0,19.0,25.0,0.0
R070,544,乘客471,乘客471,否,0,1,265,236,08:35,08:55,07:44,08:03,19.0,17.0,0.0,0.0
R070,545,乘客472,乘客472,否,0,1,266,234,09:35,09:40,08:40,08:49,9.0,8.0,0.0,0.0
R070,546,乘客473,乘客473,是,1,0,262,423,09:40,10:30,08:57,09:50,53.0,33.0,6.0,0.0
R070,546,乘客473,乘客474,是,1,0,262,423,09:40,10:30,08:57,09:50,53.0,33.0,6.0,0.0
R070,546,乘客473,乘客475,否,0,1,262,423,09:40,10:30,08:57,09:50,53.0,33.0,6.0,0.0
R070,549,乘客476,乘客476,是,1,0,267,423,10:15,10:30,09:29,09:50,21.0,11.0,0.0,0.0
R071,1897,乘客1618,乘客1618,否,0,1,774,1115,07:00,07:05,06:52,06:57,5.0,4.0,0.0,0.0
R071,1899,乘客1620,乘客1620,是,1,0,776,727,07:40,09:10,07:18,08:44,86.0,26.0,35.0,0.0
R071,1854,乘客1580,乘客1580,否,0,1,757,727,07:45,08:50,07:28,08:44,76.0,22.0,30.0,0.0
R071,1900,乘客1621,乘客1621,是,1,0,777,727,07:50,09:10,07:40,08:44,64.0,24.0,20.0,0.0
R071,1901,乘客1622,乘客1622,否,0,1,778,727,07:55,09:10,07:45,08:44,59.0,26.0,14.0,0.0
R071,1902,乘客1623,乘客1623,否,0,1,779,727,08:00,09:10,07:52,08:44,52.0,24.0,10.0,0.0
R071,1903,乘客1624,乘客1624,否,0,1,780,727,08:10,09:10,07:57,08:44,47.0,26.0,4.0,0.0
R071,1904,乘客1625,乘客1625,是,1,0,781,727,08:35,09:10,08:07,08:44,37.0,24.0,0.0,0.0
R071,1905,乘客1626,乘客1626,是,1,0,782,728,09:30,10:05,08:56,09:35,39.0,15.0,19.0,0.0
R071,1906,乘客1627,乘客1627,否,0,1,783,725,09:35,09:50,08:59,09:15,16.0,15.0,0.0,0.0
R072,1015,乘客883,乘客883,是,1,0,442,160,07:00,08:05,07:01,07:43,42.0,13.0,21.0,0.0
R072,1016,乘客884,乘客884,否,0,1,443,160,07:05,08:05,07:07,07:43,36.0,17.0,13.0,0.0
R072,1016,乘客884,乘客885,否,0,1,443,160,07:05,08:05,07:07,07:43,36.0,17.0,13.0,0.0
R072,1018,乘客886,乘客886,否,0,1,444,61,07:30,08:10,07:25,07:46,21.0,15.0,0.0,0.0
R072,376,乘客319,乘客319,否,0,1,186,584,08:10,09:00,07:59,08:46,47.0,13.0,21.0,0.0
R072,376,乘客319,乘客320,否,0,1,186,584,08:10,09:00,07:59,08:46,47.0,13.0,21.0,0.0
R072,378,乘客321,乘客321,否,0,1,187,584,08:25,09:00,08:15,08:46,31.0,9.0,10.0,0.0
R072,379,乘客322,乘客322,否,0,1,188,584,08:45,09:00,08:22,08:46,24.0,8.0,5.0,0.0
R072,380,乘客323,乘客323,是,1,0,189,584,08:50,09:00,08:30,08:46,16.0,9.0,0.0,0.0
R072,1069,乘客926,乘客926,是,1,0,190,185,09:00,10:30,08:56,09:39,43.0,9.0,22.0,0.0
R072,1069,乘客926,乘客926跟車,否,0,1,190,185,09:00,10:30,08:56,09:39,43.0,9.0,22.0,0.0
R072,381,乘客324,乘客324,否,0,1,190,374,09:05,09:25,08:56,09:23,27.0,11.0,11.0,0.0
R072,1071,乘客927,乘客927,是,1,0,467,185,09:15,10:30,09:09,09:39,30.0,13.0,9.0,0.0
R073,1594,乘客1359,乘客1359,是,1,0,377,90,07:00,08:35,06:36,08:03,87.0,36.0,30.0,0.0
R073,1594,乘客1359,乘客1359跟車,否,0,1,377,90,07:00,08:35,06:36,08:03,87.0,36.0,30.0,0.0
R073,1596,乘客1360,乘客1360,是,1,0,662,90,07:25,08:35,06:59,08:03,64.0,26.0,21.0,0.0
R073,1597,乘客1361,乘客1361,是,1,0,663,90,07:35,08:35,07:12,08:03,51.0,28.0,10.0,0.0
R073,1598,乘客1362,乘客1362,否,0,1,664,77,08:10,09:10,07:33,08:16,43.0,15.0,15.0,0.0
R073,1598,乘客1362,乘客1362跟車,否,0,1,664,77,08:10,09:10,07:33,08:16,43.0,15.0,15.0,0.0
R073,60,乘客55,乘客55,否,0,1,57,58,08:30,09:15,07:38,08:53,75.0,28.0,32.0,0.0
R073,1600,乘客1363,乘客1363,否,0,1,77,58,09:10,10:10,08:17,09:12,55.0,32.0,18.0,0.0
R073,1601,乘客1364,乘客1364,否,0,1,78,53,09:10,10:20,08:20,09:35,75.0,34.0,34.0,0.0
R073,27,乘客24,乘客24,否,0,1,39,34,09:45,10:15,09:00,09:23,23.0,13.0,6.0,0.0
R073,28,乘客25,乘客25,否,0,1,40,34,10:00,10:15,09:07,09:23,16.0,9.0,4.0,0.0
R074,997,乘客869,乘客869,否,0,1,437,236,07:20,08:45,06:56,08:33,97.0,36.0,35.0,0.0
R074,1037,乘客903,乘客903,是,1,0,454,314,07:55,08:40,07:10,07:58,48.0,13.0,15.0,0.0
R074,1037,乘客903,乘客903跟車,否,0,1,454,314,07:55,08:40,07:10,07:58,48.0,13.0,15.0,0.0
R074,1039,乘客904,乘客904,是,1,0,182,314,08:15,08:40,07:24,07:58,34.0,11.0,8.0,0.0
R074,1039,乘客904,乘客904跟車,否,0,1,182,314,08:15,08:40,07:24,07:58,34.0,11.0,8.0,0.0
R074,1041,乘客905,乘客905,是,1,0,455,314,08:25,08:40,07:36,07:58,22.0,11.0,0.0,0.0
R074,912,乘客804,乘客804,是,1,0,417,314,08:55,09:50,09:06,09:51,45.0,17.0,15.0,1.0
R074,912,乘客804,乘客804跟車,否,0,1,417,314,08:55,09:50,09:06,09:51,45.0,17.0,15.0,1.0
R074,918,乘客807,乘客807,是,1,0,419,314,09:35,09:50,09:22,09:51,29.0,21.0,0.0,1.0
R074,918,乘客807,乘客807跟車,否,0,1,419,314,09:35,09:50,09:22,09:51,29.0,21.0,0.0,1.0
R075,1697,乘客1450,乘客1450,否,0,1,690,138,07:15,08:40,06:56,08:25,89.0,32.0,45.0,0.0
R075,1698,乘客1451,乘客1451,否,0,1,691,138,07:45,08:40,07:06,08:25,79.0,29.0,39.0,0.0
R075,1699,乘客1452,乘客1452,否,0,1,692,132,07:55,08:40,07:17,08:27,70.0,24.0,35.0,0.0
R075,1699,乘客1452,乘客1452跟車,否,0,1,692,132,07:55,08:40,07:17,08:27,70.0,24.0,35.0,0.0
R075,1293,乘客1116,乘客1116,是,1,0,548,975,08:10,08:25,07:30,07:50,20.0,17.0,0.0,0.0
R075,98,乘客83,乘客83,否,0,1,77,31,09:00,09:50,08:34,09:55,81.0,21.0,39.0,5.0
R075,1529,乘客1300,乘客1300,是,1,0,641,41,09:05,09:30,08:49,09:22,33.0,17.0,6.0,0.0
R075,1529,乘客1300,乘客1300跟車,否,0,1,641,41,09:05,09:30,08:49,09:22,33.0,17.0,6.0,0.0
R075,1529,乘客1300,乘客1300跟車,否,0,1,641,41,09:05,09:30,08:49,09:22,33.0,17.0,6.0,0.0
R075,2133,乘客1824,乘客1824,是,1,0,878,70,09:20,09:40,09:02,09:37,35.0,9.0,17.0,0.0
R075,2133,乘客1824,乘客1824跟車,否,0,1,878,70,09:20,09:40,09:02,09:37,35.0,9.0,17.0,0.0
R076,2256,乘客1918,乘客1918,否,0,1,917,139,07:20,08:30,07:21,08:31,70.0,28.0,27.0,1.0
R076,58,乘客54,乘客54,是,1,0,56,35,07:30,07:45,07:28,07:41,13.0,9.0,0.0,0.0
R076,58,乘客54,乘客54跟車,否,0,1,56,35,07:30,07:45,07:28,07:41,13.0,9.0,0.0,0.0
R076,766,乘客669,乘客669,是,1,0,362,160,07:45,08:55,08:14,08:56,42.0,17.0,19.0,1.0
R076,767,乘客670,乘客670,否,0,1,207,160,07:50,08:55,08:19,08:56,37.0,17.0,15.0,1.0
R076,2257,乘客1919,乘客1919,否,0,1,918,258,09:15,10:05,09:10,09:56,46.0,13.0,23.0,0.0
R076,2258,乘客1920,乘客1920,否,0,1,919,258,09:25,10:05,09:22,09:56,34.0,15.0,10.0,0.0
R076,2259,乘客1921,乘客1921,否,0,1,920,258,09:35,10:05,09:29,09:56,27.0,11.0,8.0,0.0
R076,2260,乘客1922,乘客1922,否,0,1,921,258,09:45,10:05,09:35,09:56,21.0,9.0,6.0,0.0
R076,2260,乘客1922,乘客1923,否,0,1,921,258,09:45,10:05,09:35,09:56,21.0,9.0,6.0,0.0
R076,2262,乘客1924,乘客1924,否,0,1,922,258,09:55,10:05,09:45,09:56,11.0,6.0,0.0,0.0
R077,1239,乘客1074,乘客1074,否,0,1,528,160,07:00,08:15,06:49,08:12,83.0,24.0,26.0,0.0
R077,1240,乘客1075,乘客1075,是,1,0,529,160,07:15,08:15,07:01,08:12,71.0,22.0,20.0,0.0
R077,1241,乘客1076,乘客1076,是,1,0,530,160,07:20,08:15,07:09,08:12,63.0,22.0,16.0,0.0
R077,1242,乘客1077,乘客1077,是,1,0,531,160,07:45,08:15,07:25,08:12,47.0,17.0,10.0,0.0
R077,1242,乘客1077,乘客1077跟車,否,0,1,531,160,07:45,08:15,07:25,08:12,47.0,17.0,10.0,0.0
R077,1244,乘客1078,乘客1078,是,1,0,532,160,07:55,08:15,07:38,08:12,34.0,19.0,0.0,0.0
R077,1244,乘客1078,乘客1078跟車,否,0,1,532,160,07:55,08:15,07:38,08:12,34.0,19.0,0.0,0.0
R077,1246,乘客1079,乘客1079,否,0,1,181,139,08:30,09:00,08:24,09:10,46.0,15.0,21.0,10.0
R077,1988,乘客1703,乘客1703,是,1,0,810,374,08:40,08:50,08:32,08:41,9.0,6.0,0.0,0.0
R077,395,乘客337,乘客337,否,0,1,196,191,08:50,10:10,08:54,09:36,42.0,17.0,22.0,0.0
R077,395,乘客337,乘客338,否,0,1,196,191,08:50,10:10,08:54,09:36,42.0,17.0,22.0,0.0
R078,1500,乘客1279,乘客1279,否,0,1,630,138,07:00,08:30,06:59,08:20,81.0,24.0,38.0,0.0
R078,1501,乘客1280,乘客1280,否,0,1,631,138,07:05,08:30,07:04,08:20,76.0,22.0,36.0,0.0
R078,1502,乘客1281,乘客1281,是,1,0,632,131,07:15,08:30,07:15,08:26,71.0,24.0,30.0,0.0
R078,1502,乘客1281,乘客1281跟車,否,0,1,632,131,07:15,08:30,07:15,08:26,71.0,24.0,30.0,0.0
R078,2236,乘客1903,乘客1903,是,1,0,910,131,07:20,08:25,07:26,08:16,50.0,24.0,20.0,0.0
R078,2236,乘客1903,乘客1903跟車,否,0,1,910,131,07:20,08:25,07:26,08:16,50.0,24.0,20.0,0.0
R078,1504,乘客1282,乘客1282,否,0,1,291,138,07:25,08:30,07:35,08:30,55.0,22.0,20.0,0.0
R078,1507,乘客1284,乘客1284,否,0,1,633,138,07:45,08:30,07:44,08:30,46.0,28.0,6.0,0.0
R078,1508,乘客1285,乘客1285,否,0,1,634,31,08:45,09:35,08:39,09:20,41.0,17.0,21.0,0.0
R078,1509,乘客1286,乘客1286,否,0,1,635,31,09:10,09:35,09:01,09:20,19.0,17.0,0.0,0.0
R078,143,乘客124,乘客124,是,1,0,26,42,09:40,09:55,09:42,09:59,17.0,13.0,0.0,4.0
R078,143,乘客124,乘客125,否,0,1,26,42,09:40,09:55,09:42,09:59,17.0,13.0,0.0,4.0
R079,1344,乘客1159,乘客1159,否,0,1,568,485,06:45,07:05,06:38,07:07,29.0,28.0,0.0,2.0
R079,1345,乘客1160,乘客1160,是,1,0,569,164,07:30,08:20,07:30,08:01,31.0,8.0,17.0,0.0
R079,1347,乘客1162,乘客1162,否,0,1,570,359,07:40,08:35,07:35,08:12,37.0,11.0,19.0,0.0
R079,1350,乘客1165,乘客1165,否,0,1,573,164,08:10,08:20,07:49,08:01,12.0,8.0,0.0,0.0
R079,1351,乘客1166,乘客1166,否,0,1,164,578,08:20,08:45,08:02,08:22,20.0,17.0,1.0,0.0
R079,1352,乘客1167,乘客1167,否,0,1,574,311,09:00,09:50,08:36,09:26,50.0,21.0,21.0,0.0
R079,1353,乘客1168,乘客1168,否,0,1,575,311,09:20,09:50,08:49,09:26,37.0,17.0,14.0,0.0
R079,1353,乘客1168,乘客1168跟車,否,0,1,575,311,09:20,09:50,08:49,09:26,37.0,17.0,14.0,0.0
R079,1355,乘客1169,乘客1169,否,0,1,576,311,09:30,09:50,08:58,09:26,28.0,17.0,6.0,0.0
R079,1184,乘客1029,乘客1029,否,0,1,156,170,09:30,10:15,09:05,09:36,31.0,21.0,5.0,0.0
R080,2146,乘客1832,乘客1832,是,1,0,881,1125,07:00,08:00,07:04,07:51,47.0,44.0,0.0,0.0
R080,1423,乘客1226,乘客1226,是,1,0,602,276,08:25,10:00,08:27,09:59,92.0,24.0,36.0,0.0
R080,1423,乘客1226,乘客1226跟車,否,0,1,602,276,08:25,10:00,08:27,09:59,92.0,24.0,36.0,0.0
R080,1425,乘客1227,乘客1227,否,0,1,603,607,08:50,09:05,08:46,08:59,13.0,11.0,0.0,0.0
R080,1425,乘客1227,乘客1227跟車,否,0,1,603,607,08:50,09:05,08:46,08:59,13.0,11.0,0.0,0.0
R080,1427,乘客1228,乘客1228,是,1,0,604,276,09:05,10:00,09:05,09:59,54.0,19.0,11.0,0.0
R080,1428,乘客1229,乘客1229,是,1,0,605,276,09:30,10:00,09:31,09:59,28.0,13.0,0.0,0.0
R080,1428,乘客1229,乘客1229跟車,是,1,0,605,276,09:30,10:00,09:31,09:59,28.0,13.0,0.0,0.0
R080,1428,乘客1229,乘客1230,否,0,1,605,276,09:30,10:00,09:31,09:59,28.0,13.0,0.0,0.0
R080,1428,乘客1229,乘客1230跟車,否,0,1,605,276,09:30,10:00,09:31,09:59,28.0,13.0,0.0,0.0
R081,1768,乘客1503,乘客1503,是,1,0,718,717,07:35,08:30,07:43,08:25,42.0,21.0,7.0,0.0
R081,1768,乘客1503,乘客1504,是,1,0,718,717,07:35,08:30,07:43,08:25,42.0,21.0,7.0,0.0
R081,1768,乘客1503,乘客1504跟車,否,0,1,718,717,07:35,08:30,07:43,08:25,42.0,21.0,7.0,0.0
R081,1771,乘客1505,乘客1505,是,1,0,719,717,08:10,08:30,08:00,08:25,25.0,15.0,0.0,0.0
R081,1772,乘客1506,乘客1506,否,0,1,720,268,09:00,10:25,08:37,10:04,87.0,33.0,38.0,0.0
R081,1773,乘客1507,乘客1507,否,0,1,721,268,09:15,10:25,08:55,10:04,69.0,29.0,25.0,0.0
R081,1774,乘客1508,乘客1508,否,0,1,722,268,09:30,10:25,09:06,10:04,58.0,22.0,23.0,0.0
R081,1774,乘客1508,乘客1508跟車,否,0,1,722,268,09:30,10:25,09:06,10:04,58.0,22.0,23.0,0.0
R081,1776,乘客1509,乘客1509,否,0,1,723,268,09:55,10:25,09:22,10:04,42.0,26.0,4.0,0.0
R081,1777,乘客1510,乘客1510,是,1,0,724,268,10:00,10:25,09:32,10:04,32.0,24.0,0.0,0.0
R082,2019,乘客1730,乘客1730,是,1,0,827,727,07:30,08:55,07:34,09:00,86.0,33.0,35.0,5.0
R082,2020,乘客1731,乘客1731,否,0,1,828,727,07:40,08:55,07:41,09:00,79.0,29.0,33.0,5.0
R082,2382,乘客2014,乘客2014,否,0,1,965,773,07:45,08:45,07:55,08:42,47.0,22.0,16.0,0.0
R082,2383,乘客2015,乘客2015,是,1,0,966,726,08:05,09:10,08:12,09:14,62.0,31.0,16.0,4.0
R082,2021,乘客1732,乘客1732,是,1,0,829,727,08:15,08:55,08:35,09:00,25.0,13.0,4.0,5.0
R082,2385,乘客2017,乘客2017,否,0,1,968,793,09:20,09:30,09:24,09:33,9.0,8.0,0.0,3.0
R082,2026,乘客1737,乘客1737,否,0,1,744,770,09:45,10:30,09:38,10:07,29.0,9.0,10.0,0.0
R082,2027,乘客1738,乘客1738,是,1,0,832,807,10:00,10:15,09:54,10:04,10.0,6.0,0.0,0.0
R082,2027,乘客1738,乘客1738跟車,否,0,1,832,807,10:00,10:15,09:54,10:04,10.0,6.0,0.0,0.0
R083,492,乘客421,乘客421,否,0,1,238,316,07:00,07:20,06:59,07:19,20.0,19.0,0.0,0.0
R083,1830,乘客1560,乘客1560,是,1,0,752,421,07:40,07:55,07:32,07:44,12.0,9.0,0.0,0.0
R083,496,乘客424,乘客424,是,1,0,241,420,08:00,09:10,08:04,08:57,53.0,17.0,24.0,0.0
R083,496,乘客424,乘客424跟車,否,0,1,241,420,08:00,09:10,08:04,08:57,53.0,17.0,24.0,0.0
R083,498,乘客425,乘客425,否,0,1,242,420,08:10,09:10,08:11,08:57,46.0,17.0,18.0,0.0
R083,499,乘客426,乘客426,否,0,1,243,420,08:15,09:10,08:16,08:57,41.0,17.0,14.0,0.0
R083,500,乘客427,乘客427,否,0,1,244,420,08:25,09:10,08:23,08:57,34.0,13.0,12.0,0.0
R083,1490,乘客1271,乘客1271,否,0,1,625,201,08:25,09:15,08:28,09:01,33.0,17.0,6.0,0.0
R083,1491,乘客1272,乘客1272,否,0,1,626,201,08:30,09:15,08:33,09:01,28.0,17.0,2.0,0.0
R083,504,乘客431,乘客431,否,0,1,247,394,09:35,10:05,09:15,09:33,18.0,8.0,5.0,0.0
R083,2375,乘客2008,乘客2008,是,1,0,963,756,09:55,10:10,09:23,09:44,21.0,11.0,6.0,0.0
R084,2342,乘客1986,乘客1986,否,0,1,953,957,06:50,07:30,06:38,07:32,54.0,53.0,0.0,2.0
R084,2343,乘客1987,乘客1987,否,0,1,954,276,07:40,09:30,07:44,09:20,96.0,40.0,31.0,0.0
R084,2343,乘客1987,乘客1987跟車,否,0,1,954,276,07:40,09:30,07:44,09:20,96.0,40.0,31.0,0.0
R084,2343,乘客1987,乘客1987跟車,否,0,1,954,276,07:40,09:30,07:44,09:20,96.0,40.0,31.0,0.0
R084,2349,乘客1990,乘客1990,是,1,0,956,178,08:20,09:00,08:14,09:00,46.0,21.0,15.0,0.0
R084,2347,乘客1989,乘客1989,是,1,0,956,276,08:20,09:30,08:14,09:20,66.0,28.0,21.0,0.0
R084,2347,乘客1989,乘客1989跟車,否,0,1,956,276,08:20,09:30,08:14,09:20,66.0,28.0,21.0,0.0
R084,2353,乘客1992,乘客1992,是,1,0,321,178,08:35,09:00,08:33,09:00,27.0,21.0,0.0,0.0
R085,977,乘客854,乘客854,是,1,0,432,289,07:00,08:00,06:58,07:43,45.0,32.0,9.0,0.0
R085,362,乘客307,乘客307,否,0,1,181,248,07:35,08:20,07:12,07:55,43.0,33.0,6.0,0.0
R085,980,乘客857,乘客857,是,1,0,405,386,08:30,09:05,08:08,09:03,55.0,13.0,22.0,0.0
R085,980,乘客857,乘客858,否,0,1,405,386,08:30,09:05,08:08,09:03,55.0,13.0,22.0,0.0
R085,980,乘客857,乘客859,否,0,1,405,386,08:30,09:05,08:08,09:03,55.0,13.0,22.0,0.0
R085,980,乘客857,乘客860,否,0,1,405,386,08:30,09:05,08:08,09:03,55.0,13.0,22.0,0.0
R085,984,乘客861,乘客861,是,1,0,434,386,08:45,09:05,08:21,09:03,42.0,11.0,15.0,0.0
R085,985,乘客862,乘客862,是,1,0,435,386,08:55,09:05,08:40,09:03,23.0,11.0,0.0,0.0
R085,1314,乘客1136,乘客1136,是,1,0,557,559,09:20,09:55,09:20,09:40,20.0,17.0,0.0,0.0
R086,1898,乘客1619,乘客1619,否,0,1,775,727,07:30,09:10,07:18,08:16,58.0,19.0,23.0,0.0
R086,1878,乘客1601,乘客1601,是,1,0,770,748,08:00,08:45,07:38,08:04,26.0,13.0,6.0,0.0
R086,1878,乘客1601,乘客1602,否,0,1,770,748,08:00,08:45,07:38,08:04,26.0,13.0,6.0,0.0
R086,2022,乘客1733,乘客1733,否,0,1,830,727,08:30,08:55,07:49,08:16,27.0,13.0,6.0,0.0
R086,2022,乘客1733,乘客1734,否,0,1,830,727,08:30,08:55,07:49,08:16,27.0,13.0,6.0,0.0
R086,2022,乘客1733,乘客1735,否,0,1,830,727,08:30,08:55,07:49,08:16,27.0,13.0,6.0,0.0
R086,888,乘客785,乘客785,是,1,0,411,717,09:25,09:50,08:32,09:05,33.0,19.0,4.0,0.0
R086,888,乘客785,乘客785跟車,否,0,1,411,717,09:25,09:50,08:32,09:05,33.0,19.0,4.0,0.0
R086,1882,乘客1605,乘客1605,是,1,0,772,1113,09:30,09:50,08:55,09:25,30.0,17.0,4.0,0.0
R086,1882,乘客1605,乘客1605跟車,否,0,1,772,1113,09:30,09:50,08:55,09:25,30.0,17.0,4.0,0.0
R086,1882,乘客1605,乘客1605跟車,否,0,1,772,1113,09:30,09:50,08:55,09:25,30.0,17.0,4.0,0.0
R086,891,乘客787,乘客787,否,0,1,412,746,10:00,10:35,09:38,10:09,31.0,29.0,0.0,0.0
R086,891,乘客787,乘客788,否,0,1,412,746,10:00,10:35,09:38,10:09,31.0,29.0,0.0,0.0
R087,2073,乘客1774,乘客1774,是,1,0,846,534,07:00,08:50,06:51,08:48,117.0,45.0,43.0,0.0
R087,2073,乘客1774,乘客1774跟車,否,0,1,846,534,07:00,08:50,06:51,08:48,117.0,45.0,43.0,0.0
R087,2075,乘客1775,乘客1775,否,0,1,847,534,07:40,08:50,07:29,08:48,79.0,26.0,26.0,0.0
R087,2075,乘客1775,乘客1775跟車,否,0,1,847,534,07:40,08:50,07:29,08:48,79.0,26.0,26.0,0.0
R087,2077,乘客1776,乘客1776,是,1,0,563,534,08:00,08:50,07:49,08:48,59.0,21.0,16.0,0.0
R087,2077,乘客1776,乘客1776跟車,否,0,1,563,534,08:00,08:50,07:49,08:48,59.0,21.0,16.0,0.0
R087,2079,乘客1777,乘客1777,是,1,0,848,1120,08:05,08:50,07:56,08:54,58.0,19.0,18.0,4.0
R087,2079,乘客1777,乘客1777跟車,否,0,1,848,1120,08:05,08:50,07:56,08:54,58.0,19.0,18.0,4.0
R087,1330,乘客1151,乘客1151,否,0,1,565,314,08:15,09:15,08:07,09:05,58.0,17.0,20.0,0.0
R087,1330,乘客1151,乘客1151跟車,否,0,1,565,314,08:15,09:15,08:07,09:05,58.0,17.0,20.0,0.0
R087,910,乘客803,乘客803,是,1,0,416,314,08:45,09:50,08:21,09:22,61.0,19.0,21.0,0.0
R087,910,乘客803,乘客803跟車,否,0,1,416,314,08:45,09:50,08:21,09:22,61.0,19.0,21.0,0.0
R087,435,乘客370,乘客370,否,0,1,218,386,09:25,10:00,09:14,09:40,26.0,17.0,4.0,0.0
R088,327,乘客276,乘客276,否,0,1,162,359,07:15,08:05,07:06,07:41,35.0,17.0,10.0,0.0
R088,1019,乘客887,乘客887,是,1,0,445,453,07:45,07:55,07:16,07:25,9.0,6.0,0.0,0.0
R088,1473,乘客1258,乘客1258,是,1,0,617,276,08:05,09:05,08:03,09:08,65.0,17.0,24.0,3.0
R088,1473,乘客1258,乘客1258跟車,否,0,1,617,276,08:05,09:05,08:03,09:08,65.0,17.0,24.0,3.0
R088,1475,乘客1259,乘客1259,是,1,0,572,276,08:40,09:05,08:33,09:08,35.0,15.0,2.0,3.0
R088,1475,乘客1259,乘客1259跟車,否,0,1,572,276,08:40,09:05,08:33,09:08,35.0,15.0,2.0,3.0
R088,1475,乘客1259,乘客1259跟車,否,0,1,572,276,08:40,09:05,08:33,09:08,35.0,15.0,2.0,3.0
R088,1478,乘客1260,乘客1260,是,1,0,618,276,08:50,09:05,08:42,09:08,26.0,13.0,0.0,3.0
R088,1478,乘客1260,乘客1260跟車,否,0,1,618,276,08:50,09:05,08:42,09:08,26.0,13.0,0.0,3.0
R088,1481,乘客1262,乘客1262,否,0,1,620,621,09:40,09:55,09:28,09:55,27.0,17.0,4.0,0.0
R088,1432,乘客1231,乘客1231,是,1,0,606,276,09:45,10:00,09:48,10:08,20.0,11.0,4.0,8.0
R088,1432,乘客1231,乘客1231跟車,否,0,1,606,276,09:45,10:00,09:48,10:08,20.0,11.0,4.0,8.0
R089,156,乘客137,乘客137,否,0,1,97,77,07:05,08:30,06:52,07:57,65.0,34.0,18.0,0.0
R089,157,乘客138,乘客138,否,0,1,98,138,07:20,08:40,07:02,08:02,60.0,28.0,19.0,0.0
R089,158,乘客139,乘客139,是,1,0,99,132,07:30,08:40,07:13,08:06,53.0,28.0,13.0,0.0
R089,158,乘客139,乘客139跟車,否,0,1,99,132,07:30,08:40,07:13,08:06,53.0,28.0,13.0,0.0
R089,160,乘客140,乘客140,是,1,0,100,138,07:40,08:40,07:25,08:11,46.0,29.0,6.0,0.0
R089,160,乘客140,乘客140跟車,否,0,1,100,138,07:40,08:40,07:25,08:11,46.0,29.0,6.0,0.0
R089,160,乘客140,乘客140跟車,否,0,1,100,138,07:40,08:40,07:25,08:11,46.0,29.0,6.0,0.0
R089,2127,乘客1821,乘客1821,是,1,0,875,70,08:50,09:40,08:33,09:25,52.0,15.0,24.0,0.0
R089,2127,乘客1821,乘客1821跟車,否,0,1,875,70,08:50,09:40,08:33,09:25,52.0,15.0,24.0,0.0
R089,163,乘客141,乘客141,是,1,0,101,70,09:00,09:15,09:02,09:25,23.0,15.0,0.0,10.0
R089,163,乘客141,乘客141跟車,否,0,1,101,70,09:00,09:15,09:02,09:25,23.0,15.0,0.0,10.0
R090,1274,乘客1098,乘客1098,是,1,0,336,160,07:00,08:25,07:05,08:19,74.0,28.0,34.0,0.0
R090,1274,乘客1098,乘客1098跟車,否,0,1,336,160,07:00,08:25,07:05,08:19,74.0,28.0,34.0,0.0
R090,1276,乘客1099,乘客1099,否,0,1,541,160,07:10,08:25,07:14,08:19,65.0,26.0,28.0,0.0
R090,1277,乘客1100,乘客1100,否,0,1,542,160,07:15,08:25,07:23,08:19,56.0,26.0,20.0,0.0
R090,1278,乘客1101,乘客1101,否,0,1,543,160,07:55,08:25,07:46,08:19,33.0,15.0,9.0,0.0
R090,1279,乘客1102,乘客1102,否,0,1,156,160,08:12,08:25,08:02,08:19,17.0,9.0,0.0,0.0
R090,392,乘客334,乘客334,否,0,1,194,578,08:25,09:20,08:39,09:15,36.0,15.0,8.0,0.0
R090,415,乘客353,乘客353,是,1,0,207,276,08:25,09:30,08:50,09:25,35.0,17.0,6.0,0.0
R090,415,乘客353,乘客353跟車,否,0,1,207,276,08:25,09:30,08:50,09:25,35.0,17.0,6.0,0.0
R090,393,乘客335,乘客335,是,1,0,195,578,08:35,09:20,09:00,09:15,15.0,11.0,0.0,0.0
R090,1281,乘客1104,乘客1104,否,0,1,545,157,09:35,10:10,09:34,09:57,23.0,9.0,9.0,0.0
R090,1282,乘客1105,乘客1105,是,1,0,471,867,09:45,10:10,09:47,10:02,15.0,9.0,2.0,0.0
R091,514,乘客441,乘客441,否,0,1,127,374,07:10,08:55,07:02,08:02,60.0,19.0,22.0,0.0
R091,739,乘客642,乘客642,否,0,1,349,160,07:45,08:35,07:16,07:52,36.0,8.0,11.0,0.0
R091,740,乘客643,乘客643,是,1,0,350,160,08:15,08:35,07:25,07:52,27.0,11.0,4.0,0.0
R091,740,乘客643,乘客644,否,0,1,350,160,08:15,08:35,07:25,07:52,27.0,11.0,4.0,0.0
R091,742,乘客645,乘客645,是,1,0,351,160,08:20,08:35,07:33,07:52,19.0,11.0,0.0,0.0
R091,743,乘客646,乘客646,否,0,1,352,519,08:55,09:10,08:05,08:33,28.0,8.0,16.0,0.0
R091,457,乘客389,乘客389,否,0,1,226,540,09:00,09:20,08:17,08:42,25.0,17.0,4.0,0.0
R091,457,乘客389,乘客389跟車,否,0,1,226,540,09:00,09:20,08:17,08:42,25.0,17.0,4.0,0.0
R091,457,乘客389,乘客389跟車,否,0,1,226,540,09:00,09:20,08:17,08:42,25.0,17.0,4.0,0.0
R091,745,乘客648,乘客648,是,1,0,354,191,09:35,10:15,08:54,09:48,54.0,17.0,20.0,0.0
R091,746,乘客649,乘客649,是,1,0,355,327,09:40,10:10,09:04,09:42,38.0,19.0,10.0,0.0
R091,747,乘客650,乘客650,否,0,1,356,157,09:45,10:30,09:13,10:01,48.0,11.0,21.0,0.0
R091,748,乘客651,乘客651,否,0,1,357,191,10:00,10:15,09:31,09:48,17.0,8.0,2.0,0.0
R091,749,乘客652,乘客652,是,1,0,357,157,10:00,10:30,09:31,10:01,30.0,6.0,13.0,0.0
R092,2195,乘客1870,乘客1870,否,0,1,893,138,07:00,08:30,06:58,08:13,75.0,34.0,32.0,0.0
R092,2196,乘客1871,乘客1871,是,1,0,894,132,07:10,08:30,07:14,08:17,63.0,31.0,24.0,0.0
R092,2196,乘客1871,乘客1871跟車,否,0,1,894,132,07:10,08:30,07:14,08:17,63.0,31.0,24.0,0.0
R092,2198,乘客1872,乘客1872,否,0,1,895,138,07:20,08:30,07:21,08:18,57.0,33.0,16.0,0.0
R092,2199,乘客1873,乘客1873,否,0,1,896,132,07:30,08:30,07:28,08:19,51.0,32.0,11.0,0.0
R092,2200,乘客1874,乘客1874,否,0,1,222,138,07:40,08:30,07:40,08:20,40.0,32.0,0.0,0.0
R092,2202,乘客1876,乘客1876,是,1,0,898,44,08:45,09:25,08:36,08:58,22.0,11.0,2.0,0.0
R092,2202,乘客1876,乘客1877,否,0,1,898,44,08:45,09:25,08:36,08:58,22.0,11.0,2.0,0.0
R092,2131,乘客1823,乘客1823,是,1,0,877,70,09:10,09:40,08:52,09:26,34.0,11.0,10.0,0.0
R092,2131,乘客1823,乘客1823跟車,否,0,1,877,70,09:10,09:40,08:52,09:26,34.0,11.0,10.0,0.0
R092,2204,乘客1878,乘客1878,是,1,0,93,148,09:30,10:10,09:09,09:58,49.0,37.0,4.0,0.0
R092,2204,乘客1878,乘客1878跟車,否,0,1,93,148,09:30,10:10,09:09,09:58,49.0,37.0,4.0,0.0
R093,1541,乘客1316,乘客1316,否,0,1,644,375,07:00,07:45,06:52,07:15,23.0,22.0,0.0,0.0
R093,1544,乘客1319,乘客1319,是,1,0,126,681,07:55,08:20,07:31,08:13,42.0,22.0,12.0,0.0
R093,1543,乘客1318,乘客1318,否,0,1,126,1100,07:55,08:25,07:31,08:16,45.0,22.0,14.0,0.0
R093,2290,乘客1946,乘客1946,是,1,0,932,661,07:55,08:30,07:53,08:28,35.0,21.0,6.0,0.0
R093,2290,乘客1946,乘客1946跟車,否,0,1,932,661,07:55,08:30,07:53,08:28,35.0,21.0,6.0,0.0
R093,1566,乘客1337,乘客1337,否,0,1,653,115,08:40,09:30,08:44,09:22,38.0,9.0,20.0,0.0
R093,1567,乘客1338,乘客1338,是,1,0,137,115,08:55,09:30,08:57,09:22,25.0,11.0,9.0,0.0
R093,1546,乘客1321,乘客1321,否,0,1,646,31,09:00,10:20,09:07,09:47,40.0,8.0,18.0,0.0
R093,1547,乘客1322,乘客1322,否,0,1,647,31,09:55,10:20,09:35,09:47,12.0,6.0,0.0,0.0
R093,1547,乘客1322,乘客1323,否,0,1,647,31,09:55,10:20,09:35,09:47,12.0,6.0,0.0,0.0
R093,1547,乘客1322,乘客1325,否,0,1,647,31,09:55,10:20,09:35,09:47,12.0,6.0,0.0,0.0
R093,1547,乘客1322,乘客1326,否,0,1,647,31,09:55,10:20,09:35,09:47,12.0,6.0,0.0,0.0
R093,1549,乘客1324,乘客1324,否,0,1,648,31,09:55,10:20,09:38,09:47,9.0,4.0,0.0,0.0
R094,1915,乘客1635,乘客1635,否,0,1,786,337,07:05,08:15,07:00,08:05,65.0,26.0,21.0,0.0
R094,1916,乘客1636,乘客1636,否,0,1,787,337,07:15,08:15,07:11,08:05,54.0,24.0,15.0,0.0
R094,1916,乘客1636,乘客1637,否,0,1,787,337,07:15,08:15,07:11,08:05,54.0,24.0,15.0,0.0
R094,1916,乘客1636,乘客1638,否,0,1,787,337,07:15,08:15,07:11,08:05,54.0,24.0,15.0,0.0
R094,1919,乘客1639,乘客1639,否,0,1,788,337,07:30,08:15,07:29,08:05,36.0,17.0,5.0,0.0
R094,1920,乘客1640,乘客1640,是,1,0,789,337,07:50,08:15,07:44,08:05,21.0,13.0,0.0,0.0
R094,1920,乘客1640,乘客1641,否,0,1,789,337,07:50,08:15,07:44,08:05,21.0,13.0,0.0,0.0
R094,1920,乘客1640,乘客1641跟車,否,0,1,789,337,07:50,08:15,07:44,08:05,21.0,13.0,0.0,0.0
R094,1923,乘客1642,乘客1642,是,1,0,333,803,08:25,09:00,08:20,09:04,44.0,17.0,18.0,4.0
R094,1313,乘客1135,乘客1135,否,0,1,556,387,08:40,08:55,08:30,08:50,20.0,11.0,4.0,0.0
R094,1924,乘客1643,乘客1643,是,1,0,790,717,08:40,10:00,08:43,09:39,56.0,37.0,12.0,0.0
R095,1788,乘客1521,乘客1521,是,1,0,729,727,07:15,08:45,07:19,08:35,76.0,29.0,27.0,0.0
R095,1789,乘客1522,乘客1522,否,0,1,730,727,07:45,08:45,07:44,08:35,51.0,17.0,15.0,0.0
R095,1790,乘客1523,乘客1523,是,1,0,731,727,07:55,08:45,07:59,08:35,36.0,11.0,10.0,0.0
R095,1791,乘客1524,乘客1524,否,0,1,732,727,08:10,08:45,08:08,08:35,27.0,13.0,2.0,0.0
R095,1791,乘客1524,乘客1524跟車,否,0,1,732,727,08:10,08:45,08:08,08:35,27.0,13.0,2.0,0.0
R095,1791,乘客1524,乘客1525,否,0,1,732,727,08:10,08:45,08:08,08:35,27.0,13.0,2.0,0.0
R095,1794,乘客1526,乘客1526,否,0,1,733,727,08:15,08:45,08:13,08:35,22.0,11.0,0.0,0.0
R095,2025,乘客1736,乘客1736,否,0,1,831,727,08:45,08:55,08:44,08:53,9.0,8.0,0.0,0.0
R095,1795,乘客1527,乘客1527,否,0,1,734,764,09:05,10:20,08:58,09:53,55.0,11.0,25.0,0.0
R095,1973,乘客1690,乘客1690,是,1,0,806,737,09:15,09:40,09:10,09:32,22.0,9.0,5.0,0.0
R095,1796,乘客1528,乘客1528,是,1,0,735,764,09:25,10:20,09:21,09:53,32.0,8.0,14.0,0.0
R095,1796,乘客1528,乘客1529,否,0,1,735,764,09:25,10:20,09:21,09:53,32.0,8.0,14.0,0.0
R095,1798,乘客1530,乘客1530,否,0,1,736,764,09:50,10:20,09:39,09:53,14.0,8.0,0.0,0.0
R096,2300,乘客1954,乘客1954,否,0,1,938,138,07:00,08:45,07:00,08:19,79.0,57.0,14.0,0.0
R096,2301,乘客1955,乘客1955,是,1,0,939,132,07:40,08:45,07:49,08:23,34.0,21.0,6.0,0.0
R096,2301,乘客1955,乘客1955跟車,否,0,1,939,132,07:40,08:45,07:49,08:23,34.0,21.0,6.0,0.0
R096,2303,乘客1956,乘客1956,否,0,1,940,131,07:50,08:45,07:57,08:27,30.0,21.0,2.0,0.0
R096,2303,乘客1956,乘客1956跟車,否,0,1,940,131,07:50,08:45,07:57,08:27,30.0,21.0,2.0,0.0
R096,2305,乘客1957,乘客1957,是,1,0,941,59,09:00,09:50,08:51,09:51,60.0,31.0,12.0,1.0
R096,2305,乘客1957,乘客1957跟車,是,1,0,941,59,09:00,09:50,08:51,09:51,60.0,31.0,12.0,1.0
R096,2305,乘客1957,乘客1958,否,0,1,941,59,09:00,09:50,08:51,09:51,60.0,31.0,12.0,1.0
R096,2305,乘客1957,乘客1958跟車,否,0,1,941,59,09:00,09:50,08:51,09:51,60.0,31.0,12.0,1.0
R096,2309,乘客1959,乘客1959,是,1,0,942,59,09:25,09:50,09:13,09:51,38.0,26.0,0.0,1.0
R096,2309,乘客1959,乘客1959跟車,否,0,1,942,59,09:25,09:50,09:13,09:51,38.0,26.0,0.0,1.0
R097,1,乘客1,乘客1,否,0,1,22,688,07:00,08:45,07:01,08:15,74.0,33.0,29.0,0.0
R097,2,乘客2,乘客2,是,1,0,23,1005,07:05,07:35,07:13,07:39,26.0,17.0,5.0,4.0
R097,3,乘客3,乘客3,否,0,1,24,43,07:25,08:45,07:27,08:19,52.0,19.0,24.0,0.0
R097,5,乘客5,乘客5,否,0,1,26,42,08:10,09:25,08:03,09:03,60.0,13.0,22.0,0.0
R097,5,乘客5,乘客6,否,0,1,26,42,08:10,09:25,08:03,09:03,60.0,13.0,22.0,0.0
R097,7,乘客7,乘客7,否,0,1,27,43,08:25,08:45,08:08,08:19,11.0,6.0,2.0,0.0
R097,8,乘客8,乘客8,是,1,0,28,42,08:50,09:25,08:26,09:03,37.0,13.0,8.0,0.0
R097,9,乘客9,乘客9,否,0,1,28,95,08:50,10:25,08:26,09:21,55.0,17.0,21.0,0.0
R097,10,乘客10,乘客10,否,0,1,29,42,09:00,09:25,08:31,09:03,32.0,11.0,6.0,0.0
R097,11,乘客11,乘客11,是,1,0,30,42,09:10,09:25,08:47,09:03,16.0,6.0,0.0,0.0
R097,11,乘客11,乘客12,否,0,1,30,42,09:10,09:25,08:47,09:03,16.0,6.0,0.0,0.0
R098,133,乘客114,乘客114,是,1,0,91,42,07:00,07:15,06:50,07:10,20.0,17.0,0.0,0.0
R098,134,乘客115,乘客115,是,1,0,92,90,07:30,08:45,07:27,08:15,48.0,19.0,13.0,0.0
R098,136,乘客117,乘客117,是,1,0,93,96,08:15,08:35,07:47,08:07,20.0,17.0,0.0,0.0
R098,135,乘客116,乘客116,是,1,0,93,90,08:15,08:45,07:47,08:15,28.0,19.0,0.0,0.0
R098,140,乘客121,乘客121,否,0,1,77,42,09:10,09:55,08:27,09:12,45.0,17.0,17.0,0.0
R098,137,乘客118,乘客118,否,0,1,78,42,09:10,09:55,08:33,09:12,39.0,17.0,15.0,0.0
R098,137,乘客118,乘客119,否,0,1,78,42,09:10,09:55,08:33,09:12,39.0,17.0,15.0,0.0
R098,137,乘客118,乘客120,否,0,1,78,42,09:10,09:55,08:33,09:12,39.0,17.0,15.0,0.0
R098,137,乘客118,乘客122,否,0,1,78,42,09:10,09:55,08:33,09:12,39.0,17.0,15.0,0.0
R098,142,乘客123,乘客123,否,0,1,94,42,09:20,09:55,08:42,09:12,30.0,13.0,11.0,0.0
R098,1704,乘客1454,乘客1454,否,0,1,694,61,09:45,10:20,08:52,09:47,55.0,37.0,12.0,0.0
R099,513,乘客440,乘客440,否,0,1,250,160,07:05,08:10,06:57,08:04,67.0,21.0,32.0,0.0
R099,517,乘客444,乘客444,否,0,1,252,160,07:35,08:10,07:09,08:04,55.0,17.0,25.0,0.0
R099,518,乘客445,乘客445,否,0,1,253,160,07:45,08:10,07:18,08:04,46.0,17.0,17.0,0.0
R099,1109,乘客963,乘客963,是,1,0,482,160,07:50,08:20,07:36,08:04,28.0,21.0,0.0,0.0
R099,1109,乘客963,乘客963跟車,否,0,1,482,160,07:50,08:20,07:36,08:04,28.0,21.0,0.0,0.0
R099,519,乘客446,乘客446,否,0,1,156,374,08:25,08:55,08:15,08:38,23.0,9.0,8.0,0.0
R099,519,乘客446,乘客447,否,0,1,156,374,08:25,08:55,08:15,08:38,23.0,9.0,8.0,0.0
R099,521,乘客448,乘客448,否,0,1,254,374,08:45,08:55,08:28,08:38,10.0,6.0,0.0,0.0
R099,521,乘客448,乘客449,否,0,1,254,374,08:45,08:55,08:28,08:38,10.0,6.0,0.0,0.0
R099,1399,乘客1210,乘客1210,是,1,0,592,276,09:15,09:35,09:00,09:21,21.0,17.0,0.0,0.0
R099,1399,乘客1210,乘客1210跟車,否,0,1,592,276,09:15,09:35,09:00,09:21,21.0,17.0,0.0,0.0
R099,524,乘客451,乘客451,否,0,1,256,374,09:35,10:25,09:35,09:56,21.0,11.0,7.0,0.0
R099,525,乘客452,乘客452,否,0,1,257,374,09:50,10:25,09:45,09:56,11.0,9.0,0.0,0.0
R100,1813,乘客1544,乘客1544,否,0,1,739,717,07:25,07:45,07:26,07:44,18.0,17.0,0.0,0.0
R100,1855,乘客1581,乘客1581,是,1,0,758,727,07:55,08:50,07:55,08:52,57.0,21.0,11.0,2.0
R100,1855,乘客1581,乘客1581跟車,否,0,1,758,727,07:55,08:50,07:55,08:52,57.0,21.0,11.0,2.0
R100,1858,乘客1583,乘客1583,是,1,0,760,727,08:25,08:50,08:23,08:52,29.0,15.0,0.0,2.0
R100,1858,乘客1583,乘客1584,是,1,0,760,727,08:25,08:50,08:23,08:52,29.0,15.0,0.0,2.0
R100,1858,乘客1583,乘客1584跟車,是,1,0,760,727,08:25,08:50,08:23,08:52,29.0,15.0,0.0,2.0
R100,1858,乘客1583,乘客1585,否,0,1,760,727,08:25,08:50,08:23,08:52,29.0,15.0,0.0,2.0
R100,1862,乘客1586,乘客1586,是,1,0,761,784,09:05,09:45,09:09,09:44,35.0,11.0,12.0,0.0
R100,1863,乘客1587,乘客1587,是,1,0,762,423,09:25,10:05,09:26,10:06,40.0,21.0,8.0,1.0
R100,1864,乘客1588,乘客1588,是,1,0,763,766,09:35,10:20,09:35,10:19,44.0,24.0,10.0,0.0
R100,1864,乘客1588,乘客1588跟車,否,0,1,763,766,09:35,10:20,09:35,10:19,44.0,24.0,10.0,0.0
R101,1524,乘客1297,乘客1297,是,1,0,638,90,06:50,07:45,06:30,07:47,77.0,36.0,27.0,2.0
R101,2238,乘客1904,乘客1904,是,1,0,911,1133,07:30,08:15,06:58,07:52,54.0,28.0,13.0,0.0
R101,2239,乘客1905,乘客1905,是,1,0,912,90,07:40,08:15,07:20,07:58,38.0,24.0,4.0,0.0
R101,2239,乘客1905,乘客1905跟車,否,0,1,912,90,07:40,08:15,07:20,07:58,38.0,24.0,4.0,0.0
R101,2241,乘客1906,乘客1906,否,0,1,912,132,07:40,08:25,07:20,08:09,49.0,21.0,16.0,0.0
R101,2241,乘客1906,乘客1906跟車,否,0,1,912,132,07:40,08:25,07:20,08:09,49.0,21.0,16.0,0.0
R101,1526,乘客1299,乘客1299,是,1,0,640,41,08:50,09:30,08:32,08:59,27.0,21.0,0.0,0.0
R101,1526,乘客1299,乘客1299跟車,否,0,1,640,41,08:50,09:30,08:32,08:59,27.0,21.0,0.0,0.0
R101,1526,乘客1299,乘客1299跟車,否,0,1,640,41,08:50,09:30,08:32,08:59,27.0,21.0,0.0,0.0
R101,1746,乘客1486,乘客1486,否,0,1,710,44,09:15,09:30,08:52,09:21,29.0,21.0,2.0,0.0
R102,90,乘客76,乘客76,是,1,0,73,77,07:10,09:00,07:14,08:40,86.0,31.0,38.0,0.0
R102,91,乘客77,乘客77,否,0,1,74,31,07:25,08:30,07:28,08:06,38.0,9.0,21.0,0.0
R102,92,乘客78,乘客78,否,0,1,74,77,07:25,09:00,07:28,08:40,72.0,24.0,34.0,0.0
R102,92,乘客78,乘客78跟車,否,0,1,74,77,07:25,09:00,07:28,08:40,72.0,24.0,34.0,0.0
R102,94,乘客79,乘客79,否,0,1,75,31,07:45,08:30,07:39,08:06,27.0,11.0,10.0,0.0
R102,94,乘客79,乘客80,否,0,1,75,31,07:45,08:30,07:39,08:06,27.0,11.0,10.0,0.0
R102,4,乘客4,乘客4,否,0,1,25,80,07:50,08:55,07:49,08:26,37.0,19.0,12.0,0.0
R102,96,乘客81,乘客81,否,0,1,52,44,07:55,09:25,07:54,09:11,77.0,21.0,40.0,0.0
R102,97,乘客82,乘客82,否,0,1,76,1014,08:00,09:00,07:57,08:43,46.0,21.0,15.0,0.0
R102,99,乘客84,乘客84,否,0,1,78,44,09:00,09:25,08:46,09:11,25.0,11.0,10.0,0.0
R102,100,乘客85,乘客85,否,0,1,79,44,09:10,09:25,08:55,09:11,16.0,13.0,0.0,0.0
R102,2227,乘客1895,乘客1895,是,1,0,907,131,09:25,09:50,09:23,09:41,18.0,15.0,0.0,0.0
R103,408,乘客349,乘客349,是,1,0,204,280,07:15,08:10,07:20,08:13,53.0,19.0,21.0,3.0
R103,408,乘客349,乘客349跟車,否,0,1,204,280,07:15,08:10,07:20,08:13,53.0,19.0,21.0,3.0
R103,410,乘客350,乘客350,否,0,1,205,279,07:35,08:00,07:38,08:00,22.0,13.0,6.0,0.0
R103,411,乘客351,乘客351,否,0,1,143,276,07:50,09:30,07:55,09:25,90.0,24.0,37.0,0.0
R103,411,乘客351,乘客351跟車,否,0,1,143,276,07:50,09:30,07:55,09:25,90.0,24.0,37.0,0.0
R103,413,乘客352,乘客352,是,1,0,206,276,08:05,09:30,08:07,09:25,78.0,26.0,29.0,0.0
R103,413,乘客352,乘客352跟車,否,0,1,206,276,08:05,09:30,08:07,09:25,78.0,26.0,29.0,0.0
R103,1449,乘客1240,乘客1240,否,0,1,611,314,08:20,08:40,08:19,08:36,17.0,15.0,0.0,0.0
R103,1449,乘客1240,乘客1240跟車,否,0,1,611,314,08:20,08:40,08:19,08:36,17.0,15.0,0.0,0.0
R103,419,乘客355,乘客355,是,1,0,209,276,09:05,09:30,08:58,09:25,27.0,17.0,0.0,0.0
R103,419,乘客355,乘客355跟車,否,0,1,209,276,09:05,09:30,08:58,09:25,27.0,17.0,0.0,0.0
R103,335,乘客284,乘客284,是,1,0,170,191,09:45,10:40,09:50,10:15,25.0,22.0,0.0,0.0
R104,1642,乘客1398,乘客1398,是,1,0,675,131,07:15,08:30,07:08,08:27,79.0,34.0,27.0,0.0
R104,1642,乘客1398,乘客1398跟車,否,0,1,675,131,07:15,08:30,07:08,08:27,79.0,34.0,27.0,0.0
R104,1644,乘客1399,乘客1399,否,0,1,676,131,07:25,08:30,07:16,08:27,71.0,32.0,23.0,0.0
R104,1644,乘客1399,乘客1399跟車,否,0,1,676,131,07:25,08:30,07:16,08:27,71.0,32.0,23.0,0.0
R104,1646,乘客1400,乘客1400,否,0,1,677,131,07:35,08:30,07:32,08:27,55.0,33.0,13.0,0.0
R104,1646,乘客1400,乘客1400跟車,否,0,1,677,131,07:35,08:30,07:32,08:27,55.0,33.0,13.0,0.0
R104,1648,乘客1401,乘客1401,是,1,0,677,132,07:35,08:30,07:32,08:33,61.0,33.0,15.0,3.0
R104,1648,乘客1401,乘客1401跟車,否,0,1,677,132,07:35,08:30,07:32,08:33,61.0,33.0,15.0,3.0
R104,1565,乘客1336,乘客1336,否,0,1,652,115,08:00,09:30,07:50,09:04,74.0,26.0,30.0,0.0
R104,2135,乘客1825,乘客1825,是,1,0,879,70,09:20,09:40,08:46,09:23,37.0,8.0,24.0,0.0
R104,2135,乘客1825,乘客1825跟車,否,0,1,879,70,09:20,09:40,08:46,09:23,37.0,8.0,24.0,0.0
R104,1043,乘客907,乘客907,是,1,0,457,458,09:50,10:15,09:45,10:04,19.0,15.0,0.0,0.0
R104,1043,乘客907,乘客907跟車,否,0,1,457,458,09:50,10:15,09:45,10:04,19.0,15.0,0.0,0.0
R105,764,乘客667,乘客667,否,0,1,360,160,07:25,08:55,07:20,08:49,89.0,22.0,36.0,0.0
R105,452,乘客385,乘客385,是,1,0,223,546,07:35,08:30,07:35,08:34,59.0,21.0,25.0,4.0
R105,451,乘客384,乘客384,是,1,0,223,61,07:35,08:35,07:35,08:39,64.0,21.0,27.0,4.0
R105,765,乘客668,乘客668,是,1,0,361,160,07:35,08:55,07:45,08:49,64.0,19.0,25.0,0.0
R105,768,乘客671,乘客671,否,0,1,363,160,08:05,08:55,08:00,08:49,49.0,15.0,16.0,0.0
R105,768,乘客671,乘客671跟車,否,0,1,363,160,08:05,08:55,08:00,08:49,49.0,15.0,16.0,0.0
R105,770,乘客672,乘客672,否,0,1,364,160,08:15,08:55,08:09,08:49,40.0,13.0,10.0,0.0
R105,771,乘客673,乘客673,否,0,1,365,160,08:25,08:55,08:20,08:49,29.0,11.0,4.0,0.0
R105,771,乘客673,乘客674,否,0,1,365,160,08:25,08:55,08:20,08:49,29.0,11.0,4.0,0.0
R105,771,乘客673,乘客675,否,0,1,365,160,08:25,08:55,08:20,08:49,29.0,11.0,4.0,0.0
R105,775,乘客677,乘客677,是,1,0,367,276,09:20,09:50,09:03,09:18,15.0,11.0,0.0,0.0
R105,775,乘客677,乘客677跟車,否,0,1,367,276,09:20,09:50,09:03,09:18,15.0,11.0,0.0,0.0
R105,128,乘客109,乘客109,是,1,0,89,133,10:00,10:20,09:50,10:10,20.0,17.0,0.0,0.0
R106,539,乘客466,乘客466,否,0,1,261,236,07:25,08:55,07:21,08:37,76.0,24.0,40.0,0.0
R106,1935,乘客1653,乘客1653,是,1,0,794,201,07:40,09:40,07:41,09:30,109.0,32.0,53.0,0.0
R106,1935,乘客1653,乘客1654,否,0,1,794,201,07:40,09:40,07:41,09:30,109.0,32.0,53.0,0.0
R106,1937,乘客1655,乘客1655,否,0,1,795,201,07:50,09:40,07:49,09:30,101.0,34.0,45.0,0.0
R106,1937,乘客1655,乘客1656,否,0,1,795,201,07:50,09:40,07:49,09:30,101.0,34.0,45.0,0.0
R106,543,乘客470,乘客470,否,0,1,264,236,08:25,08:55,07:58,08:37,39.0,21.0,14.0,0.0
R106,1940,乘客1658,乘客1658,否,0,1,797,201,08:25,09:40,08:20,09:30,70.0,29.0,21.0,0.0
R106,1941,乘客1659,乘客1659,否,0,1,798,201,08:30,09:40,08:27,09:30,63.0,26.0,18.0,0.0
R106,1943,乘客1661,乘客1661,否,0,1,800,201,09:00,09:40,08:45,09:30,45.0,24.0,6.0,0.0
R106,1943,乘客1661,乘客1662,否,0,1,800,201,09:00,09:40,08:45,09:30,45.0,24.0,6.0,0.0
R106,1945,乘客1663,乘客1663,是,1,0,233,201,09:10,09:40,08:57,09:30,33.0,22.0,0.0,0.0
R106,986,乘客863,乘客863,是,1,0,436,393,09:45,10:05,09:48,10:07,19.0,15.0,0.0,2.0
R106,986,乘客863,乘客863跟車,否,0,1,436,393,09:45,10:05,09:48,10:07,19.0,15.0,0.0,2.0
R107,1142,乘客987,乘客987,是,1,0,492,172,07:00,07:25,07:04,07:24,20.0,17.0,0.0,0.0
R107,1143,乘客988,乘客988,否,0,1,493,387,07:50,08:45,07:53,08:36,43.0,9.0,24.0,0.0
R107,1144,乘客989,乘客989,否,0,1,494,387,07:55,08:45,08:01,08:36,35.0,9.0,18.0,0.0
R107,1144,乘客989,乘客990,否,0,1,494,387,07:55,08:45,08:01,08:36,35.0,9.0,18.0,0.0
R107,1146,乘客991,乘客991,否,0,1,495,387,08:05,08:45,08:09,08:36,27.0,11.0,10.0,0.0
R107,1146,乘客991,乘客992,否,0,1,495,387,08:05,08:45,08:09,08:36,27.0,11.0,10.0,0.0
R107,1148,乘客993,乘客993,否,0,1,496,387,08:10,08:45,08:16,08:36,20.0,15.0,0.0,0.0
R107,1150,乘客995,乘客995,是,1,0,498,387,09:00,10:05,08:53,09:44,51.0,13.0,25.0,0.0
R107,1151,乘客996,乘客996,是,1,0,499,346,09:20,10:20,09:14,09:55,41.0,13.0,16.0,0.0
R107,1152,乘客997,乘客997,否,0,1,500,387,09:30,10:05,09:21,09:44,23.0,11.0,4.0,0.0
R107,1153,乘客998,乘客998,否,0,1,331,387,09:45,10:05,09:32,09:44,12.0,6.0,0.0,0.0
R107,1153,乘客998,乘客999,否,0,1,331,387,09:45,10:05,09:32,09:44,12.0,6.0,0.0,0.0
R108,2217,乘客1888,乘客1888,否,0,1,902,138,07:00,08:45,06:57,08:36,99.0,49.0,38.0,0.0
R108,2217,乘客1888,乘客1888跟車,否,0,1,902,138,07:00,08:45,06:57,08:36,99.0,49.0,38.0,0.0
R108,2219,乘客1889,乘客1889,是,1,0,903,131,07:20,08:45,07:17,08:42,85.0,42.0,32.0,0.0
R108,2219,乘客1889,乘客1889跟車,否,0,1,903,131,07:20,08:45,07:17,08:42,85.0,42.0,32.0,0.0
R108,2221,乘客1890,乘客1890,否,0,1,563,138,07:40,08:45,07:24,08:48,84.0,42.0,28.0,3.0
R108,2222,乘客1891,乘客1891,否,0,1,904,138,07:55,08:45,07:42,08:48,66.0,37.0,16.0,3.0
R108,2223,乘客1892,乘客1892,否,0,1,849,138,08:00,08:45,07:55,08:48,53.0,34.0,8.0,3.0
R108,2223,乘客1892,乘客1892跟車,否,0,1,849,138,08:00,08:45,07:55,08:48,53.0,34.0,8.0,3.0
R108,2225,乘客1893,乘客1893,否,0,1,905,90,08:05,09:00,08:00,08:58,58.0,36.0,11.0,0.0
R108,2226,乘客1894,乘客1894,是,1,0,906,132,09:15,09:50,09:17,09:43,26.0,9.0,9.0,0.0
R108,2228,乘客1896,乘客1896,是,1,0,908,131,09:35,09:50,09:31,09:49,18.0,9.0,2.0,0.0
R108,2228,乘客1896,乘客1896跟車,否,0,1,908,131,09:35,09:50,09:31,09:49,18.0,9.0,2.0,0.0
R109,2038,乘客1748,乘客1748,否,0,1,833,236,07:00,08:15,06:58,07:55,57.0,22.0,25.0,0.0
R109,2038,乘客1748,乘客1748跟車,否,0,1,833,236,07:00,08:15,06:58,07:55,57.0,22.0,25.0,0.0
R109,2043,乘客1751,乘客1751,是,1,0,837,236,07:35,08:15,07:17,07:55,38.0,28.0,4.0,0.0
R109,578,乘客498,乘客498,否,0,1,281,269,08:05,08:35,07:44,08:24,40.0,22.0,11.0,0.0
R109,579,乘客499,乘客499,否,0,1,282,268,08:15,08:45,08:04,08:36,32.0,21.0,9.0,0.0
R109,580,乘客500,乘客500,是,1,0,263,271,09:05,09:45,08:55,09:28,33.0,11.0,6.0,0.0
R109,580,乘客500,乘客501,是,1,0,263,271,09:05,09:45,08:55,09:28,33.0,11.0,6.0,0.0
R109,580,乘客500,乘客502,是,1,0,263,271,09:05,09:45,08:55,09:28,33.0,11.0,6.0,0.0
R109,585,乘客504,乘客504,是,1,0,283,271,09:30,09:45,09:08,09:28,20.0,8.0,0.0,0.0
R109,586,乘客505,乘客505,否,0,1,284,234,10:00,10:30,09:35,09:56,21.0,9.0,7.0,0.0
R109,587,乘客506,乘客506,否,0,1,285,234,10:05,10:30,09:44,09:56,12.0,8.0,0.0,0.0
R109,588,乘客507,乘客507,否,0,1,286,234,10:10,10:30,09:47,09:56,9.0,6.0,0.0,0.0
R110,1127,乘客975,乘客975,是,1,0,488,160,07:10,07:50,07:18,07:52,34.0,19.0,8.0,2.0
R110,1128,乘客976,乘客976,是,1,0,488,178,07:10,08:55,07:18,08:51,93.0,26.0,38.0,0.0
R110,1128,乘客976,乘客976跟車,否,0,1,488,178,07:10,08:55,07:18,08:51,93.0,26.0,38.0,0.0
R110,1130,乘客977,乘客977,否,0,1,489,160,07:20,07:50,07:23,07:52,29.0,19.0,4.0,2.0
R110,1131,乘客978,乘客978,否,0,1,490,160,07:25,07:50,07:30,07:52,22.0,17.0,0.0,2.0
R110,1132,乘客979,乘客979,是,1,0,491,178,08:05,08:55,08:06,08:51,45.0,15.0,13.0,0.0
R110,1132,乘客979,乘客979跟車,否,0,1,491,178,08:05,08:55,08:06,08:51,45.0,15.0,13.0,0.0
R110,1134,乘客980,乘客980,是,1,0,467,178,08:40,08:55,08:26,08:51,25.0,13.0,0.0,0.0
R110,1134,乘客980,乘客980跟車,否,0,1,467,178,08:40,08:55,08:26,08:51,25.0,13.0,0.0,0.0
R110,332,乘客281,乘客281,是,1,0,167,185,09:20,10:15,09:14,10:01,47.0,15.0,20.0,0.0
R110,777,乘客678,乘客678,是,1,0,368,276,09:35,09:50,09:30,09:43,13.0,9.0,0.0,0.0
R110,777,乘客678,乘客678跟車,否,0,1,368,276,09:35,09:50,09:30,09:43,13.0,9.0,0.0,0.0
R111,836,乘客739,乘客739,否,0,1,388,304,07:25,08:30,07:09,08:07,58.0,21.0,29.0,0.0
R111,842,乘客745,乘客745,否,0,1,392,304,08:05,08:30,07:29,08:07,38.0,6.0,25.0,0.0
R111,844,乘客747,乘客747,否,0,1,243,304,08:15,08:30,07:36,08:07,31.0,6.0,19.0,0.0
R111,845,乘客748,乘客748,否,0,1,241,304,08:20,08:30,07:43,08:07,24.0,8.0,11.0,0.0
R111,951,乘客835,乘客835,否,0,1,426,202,08:20,08:50,07:52,08:45,53.0,17.0,21.0,0.0
R111,952,乘客836,乘客836,是,1,0,241,276,08:30,10:10,08:20,09:57,97.0,33.0,30.0,0.0
R111,952,乘客836,乘客836跟車,否,0,1,241,276,08:30,10:10,08:20,09:57,97.0,33.0,30.0,0.0
R111,954,乘客837,乘客837,是,1,0,427,276,08:35,10:10,08:27,09:57,90.0,33.0,28.0,0.0
R111,954,乘客837,乘客837跟車,否,0,1,427,276,08:35,10:10,08:27,09:57,90.0,33.0,28.0,0.0
R111,956,乘客838,乘客838,是,1,0,428,276,08:55,10:10,08:58,09:57,59.0,29.0,7.0,0.0
R111,956,乘客838,乘客838跟車,否,0,1,428,276,08:55,10:10,08:58,09:57,59.0,29.0,7.0,0.0
R111,958,乘客839,乘客839,是,1,0,414,276,09:05,10:10,09:12,09:57,45.0,28.0,0.0,0.0
R111,958,乘客839,乘客839跟車,否,0,1,414,276,09:05,10:10,09:12,09:57,45.0,28.0,0.0,0.0
R111,958,乘客839,乘客839跟車,否,0,1,414,276,09:05,10:10,09:12,09:57,45.0,28.0,0.0,0.0
R112,810,乘客716,乘客716,是,1,0,377,337,07:00,09:00,06:53,08:38,105.0,33.0,44.0,0.0
R112,810,乘客716,乘客716跟車,否,0,1,377,337,07:00,09:00,06:53,08:38,105.0,33.0,44.0,0.0
R112,813,乘客718,乘客718,否,0,1,379,554,07:35,07:50,07:15,07:22,7.0,6.0,0.0,0.0
R112,814,乘客719,乘客719,否,0,1,380,386,08:05,08:35,07:31,08:07,36.0,13.0,12.0,0.0
R112,815,乘客720,乘客720,否,0,1,381,337,08:15,09:00,07:36,08:38,62.0,17.0,23.0,0.0
R112,815,乘客720,乘客720跟車,否,0,1,381,337,08:15,09:00,07:36,08:38,62.0,17.0,23.0,0.0
R112,815,乘客720,乘客721,否,0,1,381,337,08:15,09:00,07:36,08:38,62.0,17.0,23.0,0.0
R112,818,乘客722,乘客722,否,0,1,382,337,08:20,09:00,07:39,08:38,59.0,17.0,21.0,0.0
R112,819,乘客723,乘客723,否,0,1,383,386,08:25,08:35,07:46,08:07,21.0,11.0,4.0,0.0
R112,1294,乘客1117,乘客1117,是,1,0,549,328,08:30,09:15,07:59,09:10,71.0,24.0,28.0,0.0
R112,820,乘客724,乘客724,否,0,1,384,337,08:40,09:00,08:12,08:38,26.0,11.0,2.0,0.0
R112,821,乘客725,乘客725,是,1,0,385,276,08:45,09:40,08:19,09:31,72.0,32.0,25.0,0.0
R112,821,乘客725,乘客725跟車,否,0,1,385,276,08:45,09:40,08:19,09:31,72.0,32.0,25.0,0.0
R113,114,乘客99,乘客99,是,1,0,82,90,07:00,08:05,07:09,08:02,53.0,32.0,9.0,0.0
R113,114,乘客99,乘客99跟車,是,1,0,82,90,07:00,08:05,07:09,08:02,53.0,32.0,9.0,0.0
R113,114,乘客99,乘客100,否,0,1,82,90,07:00,08:05,07:09,08:02,53.0,32.0,9.0,0.0
R113,114,乘客99,乘客100跟車,否,0,1,82,90,07:00,08:05,07:09,08:02,53.0,32.0,9.0,0.0
R113,118,乘客101,乘客101,否,0,1,83,90,07:40,08:05,07:35,08:02,27.0,17.0,0.0,0.0
R113,118,乘客101,乘客101跟車,否,0,1,83,90,07:40,08:05,07:35,08:02,27.0,17.0,0.0,0.0
R113,121,乘客103,乘客103,是,1,0,26,133,08:25,10:20,08:25,09:59,94.0,29.0,38.0,0.0
R113,123,乘客105,乘客105,否,0,1,85,430,08:45,09:40,08:48,09:25,37.0,17.0,12.0,0.0
R113,123,乘客105,乘客105跟車,否,0,1,85,430,08:45,09:40,08:48,09:25,37.0,17.0,12.0,0.0
R113,122,乘客104,乘客104,是,1,0,85,133,08:45,10:20,08:48,09:59,71.0,24.0,26.0,0.0
R113,125,乘客106,乘客106,否,0,1,86,133,09:00,10:20,08:57,09:59,62.0,24.0,18.0,0.0
R113,126,乘客107,乘客107,是,1,0,87,133,09:05,10:20,09:03,09:59,56.0,24.0,16.0,0.0
R113,127,乘客108,乘客108,否,0,1,88,133,09:30,10:20,09:17,09:59,42.0,21.0,6.0,0.0
R113,1747,乘客1487,乘客1487,否,0,1,711,133,10:00,10:20,09:30,09:59,29.0,17.0,0.0,0.0
R114,176,乘客150,乘客150,是,1,0,104,70,07:00,08:50,07:01,08:44,103.0,34.0,47.0,0.0
R114,176,乘客150,乘客150跟車,否,0,1,104,70,07:00,08:50,07:01,08:44,103.0,34.0,47.0,0.0
R114,178,乘客151,乘客151,否,0,1,105,109,07:10,08:50,07:10,08:52,102.0,32.0,43.0,2.0
R114,179,乘客152,乘客152,否,0,1,106,109,07:30,08:50,07:28,08:52,84.0,28.0,30.0,2.0
R114,180,乘客153,乘客153,是,1,0,107,109,07:50,08:50,07:42,08:52,70.0,24.0,25.0,2.0
R114,180,乘客153,乘客153跟車,否,0,1,107,109,07:50,08:50,07:42,08:52,70.0,24.0,25.0,2.0
R114,182,乘客154,乘客154,是,1,0,108,70,08:00,08:50,07:58,08:57,59.0,22.0,21.0,7.0
R114,183,乘客155,乘客155,是,1,0,108,109,08:00,08:50,07:58,09:03,65.0,21.0,24.0,13.0
R114,183,乘客155,乘客155跟車,否,0,1,108,109,08:00,08:50,07:58,09:03,65.0,21.0,24.0,13.0
R114,2148,乘客1834,乘客1834,否,0,1,106,70,08:20,09:30,08:12,09:37,85.0,28.0,28.0,7.0
R114,2148,乘客1834,乘客1834跟車,否,0,1,106,70,08:20,09:30,08:12,09:37,85.0,28.0,28.0,7.0
R114,2148,乘客1834,乘客1834跟車,否,0,1,106,70,08:20,09:30,08:12,09:37,85.0,28.0,28.0,7.0
R114,2129,乘客1822,乘客1822,是,1,0,876,70,09:00,09:40,09:19,09:37,18.0,11.0,0.0,0.0
R114,2129,乘客1822,乘客1822跟車,否,0,1,876,70,09:00,09:40,09:19,09:37,18.0,11.0,0.0,0.0
R115,190,乘客162,乘客162,是,1,0,111,70,07:10,08:15,06:57,08:20,83.0,26.0,35.0,5.0
R115,190,乘客162,乘客162跟車,否,0,1,111,70,07:10,08:15,06:57,08:20,83.0,26.0,35.0,5.0
R115,192,乘客163,乘客163,是,1,0,112,90,07:30,08:00,07:07,08:07,60.0,31.0,17.0,7.0
R115,192,乘客163,乘客163跟車,否,0,1,112,90,07:30,08:00,07:07,08:07,60.0,31.0,17.0,7.0
R115,192,乘客163,乘客163跟車,否,0,1,112,90,07:30,08:00,07:07,08:07,60.0,31.0,17.0,7.0
R115,120,乘客102,乘客102,是,1,0,84,90,07:50,08:05,07:44,08:07,23.0,15.0,0.0,2.0
R115,195,乘客164,乘客164,否,0,1,113,44,08:25,09:00,08:27,08:56,29.0,17.0,3.0,0.0
R115,196,乘客165,乘客165,否,0,1,78,44,08:40,09:00,08:40,08:56,16.0,11.0,0.0,0.0
R115,196,乘客165,乘客166,否,0,1,78,44,08:40,09:00,08:40,08:56,16.0,11.0,0.0,0.0
R115,196,乘客165,乘客167,否,0,1,78,44,08:40,09:00,08:40,08:56,16.0,11.0,0.0,0.0
R115,196,乘客165,乘客168,否,0,1,78,44,08:40,09:00,08:40,08:56,16.0,11.0,0.0,0.0
R115,200,乘客169,乘客169,是,1,0,114,103,09:18,09:50,09:13,09:49,36.0,19.0,9.0,0.0
R115,2157,乘客1838,乘客1838,是,1,0,886,102,09:45,10:05,09:29,09:55,26.0,17.0,2.0,0.0
R115,2157,乘客1838,乘客1838跟車,否,0,1,886,102,09:45,10:05,09:29,09:55,26.0,17.0,2.0,0.0
R116,345,乘客293,乘客293,是,1,0,173,852,07:00,07:25,06:55,07:30,35.0,17.0,11.0,5.0
R116,1292,乘客1115,乘客1115,是,1,0,153,172,07:15,07:45,07:08,07:44,36.0,19.0,11.0,0.0
R116,1443,乘客1237,乘客1237,是,1,0,609,314,08:00,08:40,07:58,08:41,43.0,17.0,4.0,1.0
R116,1443,乘客1237,乘客1237跟車,否,0,1,609,314,08:00,08:40,07:58,08:41,43.0,17.0,4.0,1.0
R116,1445,乘客1238,乘客1238,是,1,0,610,314,08:05,08:40,08:09,08:41,32.0,13.0,2.0,1.0
R116,1445,乘客1238,乘客1238跟車,否,0,1,610,314,08:05,08:40,08:09,08:41,32.0,13.0,2.0,1.0
R116,1447,乘客1239,乘客1239,是,1,0,505,314,08:10,08:40,08:16,08:41,25.0,13.0,0.0,1.0
R116,1447,乘客1239,乘客1239跟車,否,0,1,505,314,08:10,08:40,08:16,08:41,25.0,13.0,0.0,1.0
R116,417,乘客354,乘客354,否,0,1,208,276,08:50,09:30,08:56,09:27,31.0,22.0,6.0,0.0
R116,417,乘客354,乘客354跟車,否,0,1,208,276,08:50,09:30,08:56,09:27,31.0,22.0,6.0,0.0
R116,1451,乘客1241,乘客1241,否,0,1,612,616,09:05,09:55,09:06,09:53,47.0,21.0,15.0,0.0
R116,1454,乘客1243,乘客1243,否,0,1,156,616,09:45,09:55,09:42,09:53,11.0,2.0,2.0,0.0
R116,1454,乘客1243,乘客1244,否,0,1,156,616,09:45,09:55,09:42,09:53,11.0,2.0,2.0,0.0
R116,1456,乘客1245,乘客1245,否,0,1,155,616,09:50,09:55,09:46,09:53,7.0,2.0,0.0,0.0
R116,1456,乘客1245,乘客1246,否,0,1,155,616,09:50,09:55,09:46,09:53,7.0,2.0,0.0,0.0
R117,1997,乘客1712,乘客1712,否,0,1,816,347,07:30,09:10,07:14,09:08,114.0,39.0,49.0,0.0
R117,1998,乘客1713,乘客1713,否,0,1,817,337,07:35,09:20,07:17,09:24,127.0,42.0,52.0,4.0
R117,1999,乘客1714,乘客1714,否,0,1,818,803,07:40,08:55,07:20,08:58,98.0,34.0,41.0,3.0
R117,2002,乘客1717,乘客1717,是,1,0,820,803,08:10,08:55,07:39,08:58,79.0,32.0,30.0,3.0
R117,2002,乘客1717,乘客1718,否,0,1,820,803,08:10,08:55,07:39,08:58,79.0,32.0,30.0,3.0
R117,2002,乘客1717,乘客1718跟車,否,0,1,820,803,08:10,08:55,07:39,08:58,79.0,32.0,30.0,3.0
R117,2006,乘客1720,乘客1720,是,1,0,821,337,08:15,09:20,07:53,09:24,91.0,44.0,26.0,4.0
R117,2005,乘客1719,乘客1719,否,0,1,821,346,08:15,09:45,07:53,09:50,117.0,44.0,48.0,5.0
R117,2007,乘客1721,乘客1721,是,1,0,822,337,08:45,09:20,08:32,09:24,52.0,13.0,23.0,4.0
R117,2007,乘客1721,乘客1721跟車,否,0,1,822,337,08:45,09:20,08:32,09:24,52.0,13.0,23.0,4.0
R117,214,乘客181,乘客181,否,0,1,120,387,08:50,09:35,08:44,09:36,52.0,15.0,20.0,1.0
R117,2009,乘客1722,乘客1722,否,0,1,823,387,09:30,10:05,09:29,10:07,38.0,6.0,20.0,2.0
R117,2010,乘客1723,乘客1723,否,0,1,824,387,09:35,10:05,09:41,10:07,26.0,4.0,12.0,2.0
R117,2011,乘客1724,乘客1724,是,1,0,825,387,09:50,10:05,09:56,10:07,11.0,6.0,0.0,2.0
R118,1960,乘客1677,乘客1677,是,1,0,741,717,07:05,08:05,07:01,07:47,46.0,15.0,12.0,0.0
R118,1961,乘客1678,乘客1678,是,1,0,804,717,07:15,08:05,07:14,07:47,33.0,15.0,4.0,0.0
R118,1961,乘客1678,乘客1679,否,0,1,804,717,07:15,08:05,07:14,07:47,33.0,15.0,4.0,0.0
R118,1963,乘客1680,乘客1680,是,1,0,805,717,07:20,08:05,07:22,07:47,25.0,15.0,0.0,0.0
R118,1964,乘客1681,乘客1681,否,0,1,412,767,08:30,08:45,07:58,08:16,18.0,13.0,0.0,0.0
R118,1964,乘客1681,乘客1684,否,0,1,412,767,08:30,08:45,07:58,08:16,18.0,13.0,0.0,0.0
R118,1964,乘客1681,乘客1686,否,0,1,412,767,08:30,08:45,07:58,08:16,18.0,13.0,0.0,0.0
R118,1964,乘客1681,乘客1687,否,0,1,412,767,08:30,08:45,07:58,08:16,18.0,13.0,0.0,0.0
R118,1964,乘客1681,乘客1688,否,0,1,412,767,08:30,08:45,07:58,08:16,18.0,13.0,0.0,0.0
R118,1968,乘客1685,乘客1685,否,0,1,412,765,08:30,09:00,07:58,08:32,34.0,8.0,20.0,0.0
R118,1965,乘客1682,乘客1682,否,0,1,412,746,08:30,09:55,07:58,09:11,73.0,29.0,31.0,0.0
R118,1965,乘客1682,乘客1683,否,0,1,412,746,08:30,09:55,07:58,09:11,73.0,29.0,31.0,0.0
R118,1965,乘客1682,乘客1689,否,0,1,412,746,08:30,09:55,07:58,09:11,73.0,29.0,31.0,0.0
R118,2386,乘客2018,乘客2018,是,1,0,968,271,09:20,10:10,08:55,09:59,64.0,40.0,18.0,0.0
R119,1377,乘客1190,乘客1190,是,1,0,585,1092,07:00,07:50,07:04,07:49,45.0,17.0,24.0,0.0
R119,1378,乘客1191,乘客1191,否,0,1,586,1093,07:20,08:00,07:22,07:56,34.0,26.0,4.0,0.0
R119,1379,乘客1192,乘客1192,是,1,0,587,702,08:15,08:30,08:11,08:27,16.0,13.0,0.0,0.0
R119,1380,乘客1193,乘客1193,否,0,1,227,191,08:55,10:10,08:43,10:05,82.0,21.0,17.0,0.0
R119,1381,乘客1194,乘客1194,是,1,0,582,191,09:00,10:10,08:56,10:05,69.0,22.0,14.0,0.0
R119,1381,乘客1194,乘客1195,是,1,0,582,191,09:00,10:10,08:56,10:05,69.0,22.0,14.0,0.0
R119,1381,乘客1194,乘客1196,否,0,1,582,191,09:00,10:10,08:56,10:05,69.0,22.0,14.0,0.0
R119,1381,乘客1194,乘客1197,否,0,1,582,191,09:00,10:10,08:56,10:05,69.0,22.0,14.0,0.0
R119,1381,乘客1194,乘客1198,否,0,1,582,191,09:00,10:10,08:56,10:05,69.0,22.0,14.0,0.0
R119,1381,乘客1194,乘客1199,否,0,1,582,191,09:00,10:10,08:56,10:05,69.0,22.0,14.0,0.0
R119,1387,乘客1200,乘客1200,是,1,0,466,191,09:10,10:10,09:10,10:05,55.0,22.0,8.0,0.0
R119,1387,乘客1200,乘客1201,是,1,0,466,191,09:10,10:10,09:10,10:05,55.0,22.0,8.0,0.0
R119,1387,乘客1200,乘客1202,否,0,1,466,191,09:10,10:10,09:10,10:05,55.0,22.0,8.0,0.0
R119,1390,乘客1203,乘客1203,否,0,1,588,191,09:20,10:10,09:17,10:05,48.0,21.0,3.0,0.0
R119,1391,乘客1204,乘客1204,是,1,0,589,191,09:30,10:10,09:23,10:05,42.0,22.0,0.0,0.0
R120,671,乘客586,乘客586,是,1,0,317,160,07:00,08:25,07:04,08:28,84.0,36.0,27.0,3.0
R120,674,乘客588,乘客588,否,0,1,319,160,07:25,08:25,07:23,08:28,65.0,26.0,20.0,3.0
R120,674,乘客588,乘客588跟車,否,0,1,319,160,07:25,08:25,07:23,08:28,65.0,26.0,20.0,3.0
R120,676,乘客589,乘客589,否,0,1,320,160,07:40,08:25,07:33,08:28,55.0,29.0,8.0,3.0
R120,677,乘客590,乘客590,是,1,0,321,160,07:50,08:25,07:48,08:28,40.0,29.0,0.0,3.0
R120,677,乘客590,乘客590跟車,否,0,1,321,160,07:50,08:25,07:48,08:28,40.0,29.0,0.0,3.0
R120,677,乘客590,乘客591,否,0,1,321,160,07:50,08:25,07:48,08:28,40.0,29.0,0.0,3.0
R120,677,乘客590,乘客591跟車,否,0,1,321,160,07:50,08:25,07:48,08:28,40.0,29.0,0.0,3.0
R120,685,乘客594,乘客594,否,0,1,324,276,09:10,09:55,08:49,09:39,50.0,17.0,16.0,0.0
R120,685,乘客594,乘客594跟車,否,0,1,324,276,09:10,09:55,08:49,09:39,50.0,17.0,16.0,0.0
R120,687,乘客595,乘客595,是,1,0,325,276,09:20,09:55,09:02,09:39,37.0,22.0,3.0,0.0
R120,687,乘客595,乘客595跟車,否,0,1,325,276,09:20,09:55,09:02,09:39,37.0,22.0,3.0,0.0
R120,689,乘客596,乘客596,是,1,0,326,598,09:30,10:30,09:14,09:57,43.0,28.0,4.0,0.0
R120,689,乘客596,乘客596跟車,否,0,1,326,598,09:30,10:30,09:14,09:57,43.0,28.0,4.0,0.0
R120,689,乘客596,乘客596跟車,否,0,1,326,598,09:30,10:30,09:14,09:57,43.0,28.0,4.0,0.0
R121,1614,乘客1376,乘客1376,否,0,1,669,138,07:10,08:20,07:10,08:12,62.0,40.0,14.0,0.0
R121,1615,乘客1377,乘客1377,否,0,1,670,131,07:10,08:20,07:12,08:16,64.0,40.0,16.0,0.0
R121,1615,乘客1377,乘客1377跟車,否,0,1,670,131,07:10,08:20,07:12,08:16,64.0,40.0,16.0,0.0
R121,1619,乘客1379,乘客1379,是,1,0,672,90,07:30,08:30,07:25,08:29,64.0,40.0,16.0,0.0
R121,1620,乘客1380,乘客1380,否,0,1,673,90,07:40,08:30,07:32,08:29,57.0,42.0,8.0,0.0
R121,1623,乘客1382,乘客1382,否,0,1,674,44,09:15,09:30,08:47,09:03,16.0,11.0,0.0,0.0
R121,1623,乘客1382,乘客1383,否,0,1,674,44,09:15,09:30,08:47,09:03,16.0,11.0,0.0,0.0
R121,1623,乘客1382,乘客1385,否,0,1,674,44,09:15,09:30,08:47,09:03,16.0,11.0,0.0,0.0
R121,1623,乘客1382,乘客1386,否,0,1,674,44,09:15,09:30,08:47,09:03,16.0,11.0,0.0,0.0
R121,1623,乘客1382,乘客1387,否,0,1,674,44,09:15,09:30,08:47,09:03,16.0,11.0,0.0,0.0
R121,1623,乘客1382,乘客1388,否,0,1,674,44,09:15,09:30,08:47,09:03,16.0,11.0,0.0,0.0
R121,1623,乘客1382,乘客1389,否,0,1,674,44,09:15,09:30,08:47,09:03,16.0,11.0,0.0,0.0
R121,1623,乘客1382,乘客1390,否,0,1,674,44,09:15,09:30,08:47,09:03,16.0,11.0,0.0,0.0
R121,1625,乘客1384,乘客1384,否,0,1,674,42,09:15,10:00,08:47,09:21,34.0,17.0,11.0,0.0
R122,2172,乘客1850,乘客1850,是,1,0,888,1129,06:45,08:15,06:50,07:58,68.0,33.0,27.0,0.0
R122,2172,乘客1850,乘客1850跟車,否,0,1,888,1129,06:45,08:15,06:50,07:58,68.0,33.0,27.0,0.0
R122,2175,乘客1852,乘客1852,是,1,0,889,900,07:30,08:15,07:30,08:03,33.0,24.0,2.0,0.0
R122,2177,乘客1854,乘客1854,否,0,1,78,43,08:50,09:15,08:24,08:51,27.0,11.0,8.0,0.0
R122,2176,乘客1853,乘客1853,否,0,1,78,80,08:50,09:20,08:24,08:56,32.0,13.0,8.0,0.0
R122,2176,乘客1853,乘客1855,否,0,1,78,80,08:50,09:20,08:24,08:56,32.0,13.0,8.0,0.0
R122,2176,乘客1853,乘客1856,否,0,1,78,80,08:50,09:20,08:24,08:56,32.0,13.0,8.0,0.0
R122,2180,乘客1857,乘客1857,是,1,0,890,43,09:00,09:15,08:36,08:51,15.0,11.0,0.0,0.0
R122,2181,乘客1858,乘客1858,否,0,1,891,31,09:35,10:05,09:10,09:37,27.0,22.0,0.0,0.0
R122,2181,乘客1858,乘客1859,否,0,1,891,31,09:35,10:05,09:10,09:37,27.0,22.0,0.0,0.0
R122,2181,乘客1858,乘客1860,否,0,1,891,31,09:35,10:05,09:10,09:37,27.0,22.0,0.0,0.0
R122,2181,乘客1858,乘客1861,否,0,1,891,31,09:35,10:05,09:10,09:37,27.0,22.0,0.0,0.0
R122,2181,乘客1858,乘客1862,否,0,1,891,31,09:35,10:05,09:10,09:37,27.0,22.0,0.0,0.0
R122,2181,乘客1858,乘客1863,否,0,1,891,31,09:35,10:05,09:10,09:37,27.0,22.0,0.0,0.0
R122,2181,乘客1858,乘客1864,否,0,1,891,31,09:35,10:05,09:10,09:37,27.0,22.0,0.0,0.0
R122,2181,乘客1858,乘客1865,否,0,1,891,31,09:35,10:05,09:10,09:37,27.0,22.0,0.0,0.0
R122,2181,乘客1858,乘客1866,否,0,1,891,31,09:35,10:05,09:10,09:37,27.0,22.0,0.0,0.0
R123,284,乘客234,乘客234,是,1,0,149,359,07:15,08:10,07:19,07:55,36.0,11.0,14.0,0.0
R123,285,乘客235,乘客235,是,1,0,150,258,07:25,08:30,07:29,08:15,46.0,17.0,19.0,0.0
R123,286,乘客236,乘客236,否,0,1,151,359,07:30,08:10,07:32,07:55,23.0,11.0,6.0,0.0
R123,288,乘客238,乘客238,否,0,1,152,359,08:00,08:10,07:42,07:55,13.0,8.0,0.0,0.0
R123,289,乘客239,乘客239,是,1,0,153,157,08:40,09:25,08:23,09:12,49.0,8.0,23.0,0.0
R123,290,乘客240,乘客240,否,0,1,154,157,08:50,09:25,08:26,09:12,46.0,6.0,23.0,0.0
R123,291,乘客241,乘客241,否,0,1,155,158,09:00,09:10,08:39,08:51,12.0,8.0,0.0,0.0
R123,291,乘客241,乘客242,否,0,1,155,158,09:00,09:10,08:39,08:51,12.0,8.0,0.0,0.0
R123,291,乘客241,乘客243,否,0,1,155,158,09:00,09:10,08:39,08:51,12.0,8.0,0.0,0.0
R123,291,乘客241,乘客244,否,0,1,155,158,09:00,09:10,08:39,08:51,12.0,8.0,0.0,0.0
R123,295,乘客245,乘客245,否,0,1,156,158,09:20,09:40,09:04,09:30,26.0,8.0,2.0,0.0
R123,295,乘客245,乘客246,否,0,1,156,158,09:20,09:40,09:04,09:30,26.0,8.0,2.0,0.0
R123,295,乘客245,乘客247,否,0,1,156,158,09:20,09:40,09:04,09:30,26.0,8.0,2.0,0.0
R123,295,乘客245,乘客248,否,0,1,156,158,09:20,09:40,09:04,09:30,26.0,8.0,2.0,0.0
R123,295,乘客245,乘客249,否,0,1,156,158,09:20,09:40,09:04,09:30,26.0,8.0,2.0,0.0
R123,295,乘客245,乘客250,否,0,1,156,158,09:20,09:40,09:04,09:30,26.0,8.0,2.0,0.0
R123,295,乘客245,乘客251,否,0,1,156,158,09:20,09:40,09:04,09:30,26.0,8.0,2.0,0.0
R123,295,乘客245,乘客252,否,0,1,156,158,09:20,09:40,09:04,09:30,26.0,8.0,2.0,0.0
R123,303,乘客253,乘客253,是,1,0,157,158,09:25,09:40,09:16,09:30,14.0,6.0,0.0,0.0
