existing_route,上學,就診,工作,治療,訓練,purpose_type_count,is_mixed_purpose
SR1001,0,0,2,0,10,2,1
SR1002,2,0,2,0,7,3,1
SR1011,0,0,1,0,4,2,1
SR1012,0,0,2,0,13,2,1
SR1021,0,0,1,0,6,2,1
SR1022,0,0,1,0,5,2,1
SR1031,0,0,3,0,1,2,1
SR1032,8,0,3,0,1,3,1
SR1041,0,0,0,0,7,1,0
SR1042,5,0,0,0,3,2,1
SR1051,0,0,0,0,13,1,0
SR1052,0,0,1,0,12,2,1
SR1061,7,0,0,0,8,2,1
SR1062,2,0,1,0,1,3,1
SR1071,2,0,1,0,9,3,1
SR1072,0,0,1,0,10,2,1
SR1081,6,0,0,0,3,2,1
SR1082,8,1,0,0,2,3,1
SR1086,0,0,1,0,1,2,1
SR1091,9,0,0,0,0,1,0
SR1092,4,0,0,0,0,1,0
SR1096,0,0,2,0,0,1,0
SR1101,5,1,0,0,6,3,1
SR1102,0,0,2,0,7,2,1
SR1111,0,0,3,0,9,2,1
SR1112,0,0,0,0,12,1,0
SR1121,5,0,0,0,3,2,1
SR1122,10,0,0,0,1,2,1
SR1131,0,0,2,0,3,2,1
SR1132,4,0,3,0,1,3,1
SR1141,0,0,0,0,6,1,0
SR1142,12,0,0,0,0,1,0
SR3001,0,0,0,1,19,2,1
SR3002,8,0,0,0,14,2,1
SR3011,1,0,0,1,9,3,1
SR3012,6,0,1,0,1,3,1
SR3021,0,0,2,0,5,2,1
SR3022,8,0,2,0,0,2,1
SR3031,0,0,2,0,4,2,1
SR3032,0,2,0,5,1,3,1
SR3041,0,0,1,0,5,2,1
SR3042,0,0,1,0,5,2,1
SR3051,0,0,1,0,13,2,1
SR3052,0,1,0,0,5,2,1
SR3061,10,0,3,0,0,2,1
SR3062,0,0,2,0,7,2,1
SR3071,0,0,2,0,7,2,1
SR3072,0,0,0,0,12,1,0
SR3081,2,0,2,0,8,3,1
SR3082,5,0,0,0,8,2,1
SR3091,4,0,0,0,3,2,1
SR3092,2,0,0,0,7,2,1
SR3101,10,0,1,0,2,3,1
SR3102,0,0,1,0,6,2,1
SR3111,5,0,0,0,9,2,1
SR3112,0,0,1,0,11,2,1
SR3121,4,0,0,0,8,2,1
SR3122,2,0,0,0,5,2,1
SR3131,4,0,0,0,4,2,1
SR3132,6,0,4,0,3,3,1
SR3141,0,0,0,0,11,1,0
SR3142,7,0,3,0,0,2,1
SR3151,4,0,1,0,0,2,1
SR3152,0,0,1,0,9,2,1
SR3161,0,0,1,0,9,2,1
SR3162,0,0,0,0,14,1,0
SR3171,2,0,1,0,4,3,1
SR3172,0,0,0,0,13,1,0
SR3176,0,0,3,1,0,2,1
SR3177,0,0,1,0,0,1,0
SR3181,0,0,2,0,0,1,0
SR3182,6,0,1,0,6,3,1
SR3191,18,0,0,0,3,2,1
SR3192,0,0,3,0,8,2,1
SR3201,0,0,0,0,10,1,0
SR3202,1,0,0,0,4,2,1
SR3211,0,0,0,0,8,1,0
SR3212,7,0,1,0,5,3,1
SR3217,0,0,1,0,0,1,0
SR3221,4,0,0,3,4,3,1
SR3222,6,0,0,1,7,3,1
SR3226,0,0,1,0,0,1,0
SR3231,15,0,0,0,0,1,0
SR3232,0,0,0,0,12,1,0
SR3236,0,0,0,3,3,2,1
SR3241,2,0,2,0,1,3,1
SR3242,2,0,2,1,9,4,1
SR3246,0,0,2,0,2,2,1
SR3251,11,0,0,0,2,2,1
SR3252,0,0,0,0,13,1,0
SR3261,0,0,0,0,10,1,0
SR3262,0,0,0,0,11,1,0
SR3271,7,0,0,0,1,2,1
SR3272,13,0,0,0,1,2,1
SR3281,7,0,0,0,7,2,1
SR3282,9,0,0,0,1,2,1
SR3291,15,0,0,0,2,2,1
SR3292,14,0,0,0,0,1,0
SR3301,2,0,0,0,0,1,0
SR3302,0,0,0,0,14,1,0
SR3311,11,0,0,0,2,2,1
SR3312,1,0,1,0,12,3,1
SR3321,0,0,2,0,9,2,1
SR3322,9,0,0,0,0,1,0
SR3331,2,0,0,0,3,2,1
SR3332,7,0,0,0,6,2,1
SR3341,3,3,2,0,5,4,1
SR3342,1,1,1,0,6,4,1
SR3351,5,0,0,0,3,2,1
SR3352,0,0,2,0,4,2,1
SR3361,0,0,1,0,6,2,1
SR3362,8,0,0,0,1,2,1
SR3371,0,0,0,4,3,2,1
SR3372,0,4,1,2,3,4,1
SR3381,0,0,0,0,11,1,0
SR3382,0,0,1,0,7,2,1
SR3391,8,0,0,0,2,2,1
SR3392,9,0,1,0,2,3,1
SR3401,11,0,0,0,0,1,0
SR3402,0,0,0,0,6,1,0
SR3411,0,0,1,0,12,2,1
SR3412,0,0,0,0,11,1,0
SR3421,0,0,0,0,8,1,0
SR3422,0,0,2,0,3,2,1
SR3431,1,0,3,0,4,3,1
SR3432,13,0,0,0,0,1,0
SR3441,0,0,2,0,8,2,1
SR3442,0,0,2,0,9,2,1
SR3451,0,2,0,1,5,3,1
SR3452,6,0,0,0,4,2,1
SR3461,7,0,1,0,1,3,1
SR3462,5,0,0,0,6,2,1
SR3471,3,0,2,0,3,3,1
SR3472,0,0,1,0,6,2,1
SR3481,6,3,0,0,1,3,1
SR3482,7,0,1,0,0,2,1
SR3491,0,0,2,0,5,2,1
SR3492,1,0,1,0,6,3,1
SR3501,0,0,0,0,9,1,0
SR3502,0,0,0,0,10,1,0
SR3511,9,0,1,0,0,2,1
SR3512,8,0,0,0,0,1,0
SR3521,0,0,1,0,11,2,1
SR3522,0,0,0,0,12,1,0
SR3531,0,0,0,1,3,2,1
SR3532,0,0,2,0,3,2,1
SR3541,0,0,3,0,12,2,1
SR3542,0,0,2,0,0,1,0
SR3551,4,0,0,0,4,2,1
SR3552,6,0,2,0,0,2,1
SR3561,0,0,2,1,1,3,1
SR3562,4,0,2,0,3,3,1
SR3571,9,0,0,0,2,2,1
SR3572,3,0,0,0,5,2,1
SR3581,8,0,0,0,8,2,1
SR3582,8,0,0,0,7,2,1
SR3591,7,0,0,0,2,2,1
SR3592,0,0,0,1,4,2,1
SR3601,0,0,0,0,8,1,0
SR3602,2,0,0,0,3,2,1
SR3611,6,0,0,0,4,2,1
SR3612,11,0,2,0,1,3,1
SR3621,1,0,1,0,6,3,1
SR3622,7,0,2,0,0,2,1
SR3626,0,0,3,0,2,2,1
SR3627,0,0,4,0,2,2,1
SR3631,0,0,4,0,7,2,1
SR3632,6,0,0,0,4,2,1
SR3641,0,0,3,0,3,2,1
SR3642,15,0,0,0,0,1,0
SR3651,0,0,3,0,3,2,1
SR3652,0,0,3,0,2,2,1
SR3661,4,0,0,0,4,2,1
SR3662,7,0,2,0,0,2,1
SR3671,12,0,0,0,9,2,1
SR3672,10,0,0,0,0,1,0
SR3681,10,0,0,0,0,1,0
SR3682,0,0,2,0,11,2,1
SR3691,0,0,1,0,2,2,1
SR3692,4,0,0,0,9,2,1
SR3701,4,0,0,0,2,2,1
SR3702,0,0,1,0,9,2,1
SR3717,0,0,0,1,3,2,1
SR3727,0,0,2,3,3,3,1
SR3731,7,0,1,0,0,2,1
SR3732,9,0,0,0,0,1,0
SR3741,4,0,0,0,3,2,1
SR3742,4,0,2,1,4,4,1
SR3751,0,0,3,1,2,3,1
SR3752,0,0,2,1,3,3,1
SR3761,0,0,1,0,3,2,1
SR3762,0,0,0,0,4,1,0
SR6001,4,0,4,0,0,2,1
SR6002,8,0,0,0,0,1,0
SR6011,4,0,0,0,6,2,1
SR6012,6,0,0,0,4,2,1
SR6021,7,0,0,0,4,2,1
SR6022,11,0,0,0,3,2,1
SR6031,1,0,0,0,7,2,1
SR6032,2,0,3,0,2,3,1
SR6041,1,0,1,0,5,3,1
SR6042,11,0,0,0,8,2,1
SR6051,8,0,0,0,4,2,1
SR6052,2,0,0,0,8,2,1
SR6061,3,0,0,0,6,2,1
SR6062,0,0,0,0,12,1,0
SR6071,7,0,1,0,2,3,1
SR6072,6,0,0,0,2,2,1
SR6081,11,0,0,0,0,1,0
SR6082,6,0,1,0,2,3,1
SR6091,0,1,0,0,12,2,1
SR6092,10,0,0,0,2,2,1
SR6101,4,0,0,0,10,2,1
SR6102,9,0,0,0,3,2,1
SR6111,0,0,1,0,3,2,1
SR6112,0,0,2,0,4,2,1
SR6121,11,0,0,0,5,2,1
SR6122,4,0,0,0,3,2,1
SR6131,7,0,0,0,3,2,1
SR6132,0,0,0,0,9,1,0
SR6141,7,0,0,0,6,2,1
SR6142,9,0,0,0,2,2,1
SR6151,6,0,0,0,2,2,1
SR6152,2,0,0,0,1,2,1
SR6161,4,0,0,0,6,2,1
SR6162,0,0,2,0,6,2,1
SR6171,0,0,0,0,6,1,0
SR6172,1,0,0,0,6,2,1
SR6181,0,0,2,0,3,2,1
SR6182,0,1,1,0,1,3,1
SR6191,3,0,1,0,0,2,1
SR6192,3,0,0,0,0,1,0
SR6201,1,0,1,0,2,3,1
SR6202,0,0,0,0,4,1,0
SR6211,10,0,0,0,0,1,0
SR6212,8,0,1,0,0,2,1
SR6221,9,0,2,0,2,3,1
SR6222,9,0,1,0,3,3,1
SR6231,0,0,4,0,14,2,1
SR6232,4,0,1,0,0,2,1
SR6241,9,0,0,0,2,2,1
SR6242,0,0,7,0,4,2,1
SR6251,13,0,0,0,0,1,0
SR6252,0,0,2,0,4,2,1
SR6261,7,0,0,0,3,2,1
SR6262,6,0,1,0,2,3,1
SR6271,1,0,1,0,6,3,1
SR6272,9,0,0,0,0,1,0
SR6281,5,0,4,0,1,3,1
SR6282,0,0,2,0,5,2,1
SR6291,0,0,3,0,6,2,1
SR6292,0,0,0,0,2,1,0
SR6301,11,0,0,0,0,1,0
SR6302,5,0,0,0,0,1,0
SR6311,1,0,2,0,3,3,1
SR6312,0,0,3,0,2,2,1
SR6321,6,0,0,0,1,2,1
SR6322,0,0,0,0,8,1,0
SR6331,8,0,1,0,3,3,1
SR6332,10,0,1,0,3,3,1
SR6341,1,0,0,0,7,2,1
SR6342,3,0,0,0,2,2,1
SR6351,0,0,0,0,6,1,0
SR6352,0,0,0,0,4,1,0
SR6361,5,0,2,0,2,3,1
SR6362,0,0,0,1,1,2,1
SR6371,0,0,2,1,3,3,1
SR6372,0,0,1,1,3,3,1
SR6381,2,0,1,0,3,3,1
SR6382,2,0,1,0,5,3,1
SR6391,0,0,0,0,5,1,0
SR6392,0,0,0,0,5,1,0
SR6401,0,0,0,0,4,1,0
SR6402,0,0,0,0,4,1,0
SR6411,7,0,0,0,0,1,0
SR6412,7,0,0,0,2,2,1
