stop_name,district,lat,lng
香港耀興道耀東邨耀福樓,東區,22.2777897,114.2217282
筲箕灣道33號麗灣大廈(近7-11店),東區,22.2833066126366,114.221417960502
北角英皇道26-36號興漢大廈(避車處),東區,22.2835013139408,114.192746472942
灣仔立德里 (過禁區牌),灣仔,22.2765312412898,114.18011275339
鴨利洲邨利澤樓(小巴站),南區,22.2442846788753,114.15005787677
海傍道逸港居(近巴士站),南區,22.2473040710296,114.159203891932
石排灣邨碧朗樓,南區,22.2483966060241,114.157308806788
香港仔舊大街108號港暉中心,南區,22.2485222538968,114.156155095037
深灣道11號雅濤閣2座(平台),南區,22.2427323532156,114.165001922395
堅尼地道100號聖雅各賽馬會力行工場,灣仔,22.2726781131103,114.173695109941
堅尼地道100號聖雅各賽馬會灣仔服務隊,灣仔,22.2723899469581,114.173486763987
北角和富道19號保良局余李慕芬學校(入停車場),東區,22.2916892422805,114.195187349634
筲箕灣道456號救世軍展能中心,東區,22.2767223846735,114.22930594064
英皇道979號太古坊電訊盈科中心,東區,22.287068408272,114.212329325655
柴灣蝶翠苑(卸貨區),東區,22.2651575095581,114.243997877392
堅尼地城西環邨南苑台,中西區,22.2812547313227,114.12595781343
灣仔堅拿道西21號 (過巴士站),灣仔,22.2772146825857,114.180862594635
小西灣道23號富怡花園(麥當勞),東區,22.2626032720762,114.250836423802
柴灣環翠邨利翠樓環翠普通科門診診所(巴士站),東區,22.2629898598072,114.239387958946
高街2號西營盤社區大樓,中西區,22.284941714479,114.144061584
惠福道4號東華三院賽馬會復康中心,南區,22.24645704531,114.164066940409
漁光道85號扶康會康復中心,南區,22.2495951375818,114.158990263625
華貴邨東華三院莫羅瑞華復康中心,南區,22.2500808928871,114.137973599442
中環干諾道中 永安集團大廈,中西區,22.2842003154729,114.156863205735
上環中遠大廈 (永樂街避車處),中西區,22.285827238863,114.152812968059
鴨脷洲西邨利澤樓,南區,22.2445088501072,114.150164198709
利東邨東昌樓,南區,22.241659236631,114.154076167044
北角百福道2號(近避車處),東區,22.2909042204007,114.205250954925
柴灣泰民街13號樂翠台1座,東區,22.2677510598311,114.234439481065
鰂魚涌太古灣道太古城海景花園(巴士站),東區,22.2873375202241,114.219464843032
銅鑼灣禮頓道95號星輝大廈,灣仔,22.2775203720299,114.184918642111
柴灣興華(二)邨安興樓香港耀能協會賽馬會柴灣工場,東區,22.2638034556923,114.233421936519
港灣道12號稅務大樓(地庫停車場),灣仔,22.2801625330073,114.172505697089
筲箕灣愛蝶灣7座,東區,22.2813846336242,114.228888987774
筲箕灣東旭苑(海旁巴士站),東區,22.2824624203014,114.227361211389
上環皇后街1號帝后華庭1座,中西區,22.2870287289207,114.147448949963
柴灣道233號新翠花園6座利民會工場,東區,22.2639833704893,114.236609807734
西灣河鯉景道51號明愛樂義學校,東區,22.2864683794458,114.222389153166
上環德輔道中211號（永安百貨）,中西區,22.2865848323252,114.152973164551
藍田復康徑7號藍田綜合中心,觀塘,22.3080382817291,114.23042037906
葵涌大圓街12-22號瑞榮工業大廈,葵涌,22.3700235994761,114.135823647454
小西灣道28號藍灣半島(近的士站),東區,22.2662294623323,114.251278993846
柴灣環翠邨富翠樓,東區,22.2624722415679,114.238482213366
柴灣峰華邨曉峰樓,東區,22.2608338066105,114.231940524311
筲箕灣耀東邨耀輝樓(入閘),東區,22.2770257047425,114.225710414301
鰂魚涌康柏徑10號康景花園A座,東區,22.2806186078637,114.213175833641
北角屈臣道15號維多利中心,東區,22.2873500849998,114.190410411037
興發街68號美城花園大廈,灣仔,22.2849251599399,114.191090781099
薄扶林道131號（心光恩望學校）（恩望平台）,南區,22.2668421342708,114.132194278594
薄扶林道131號（心光幼兒中心）（恩望平台）,南區,22.2668886861488,114.132249134615
鰂魚涌英皇道925號麗池大廈,東區,22.2898201815979,114.209724980689
鰂魚涌康怡花園B座,東區,22.2801140962513,114.214926044757
北角英皇道318號恆英大厦(東亞銀行),東區,22.2901445334379,114.196291430443
大坑春暉道7號慧景園,灣仔,22.2731535170021,114.194130594687
銅鑼灣恩平道3號,灣仔,22.2779914755918,114.185861260036
薄扶林道147號(展亮技能發展中心),南區,22.2602417730119,114.135957550651
薄扶林道147號(傷健協會共融軒),南區,22.2602284783082,114.135933970017
華富(二)邨華生樓,南區,22.2524909360745,114.136706672196
石排灣邨碧輝樓新生精神康復會培訓中心(巴士總站側),南區,22.2502654183729,114.157331371813
香港薄扶林薄扶林道147號展亮技能發展中心(薄扶林),南區,22.260187,114.135993
赤柱廣場(巴士站),南區,22.2201466151304,114.20961054845
南寧街12號香港仔中心(近海晶閣小巴站),南區,22.2488964232131,114.153707687586
華富(二)邨華興樓,南區,22.2523940008203,114.137228307646
薄扶林道89號寶翠園8座,中西區,22.2849544285862,114.133351326727
堅尼地城海傍47號南海大廈商場,中西區,22.2840128986426,114.130425502945
堅尼地城卑路乍街102號聯友新樓,中西區,22.2824988849536,114.12766048597
皇后大道東46號,灣仔,22.2770166875007,114.169052671807
大坑道43號康馨園,灣仔,22.2759698825675,114.19306276557
大口環道15-17號紅十字會甘迺迪中心,南區,22.2709138981953,114.124416113912
華富(二)邨華昌樓,南區,22.2514877123621,114.137047155796
田灣邨田澤樓(近小巴站),南區,22.252356763292,114.150858493451
華貴邨華廉樓,南區,22.2507796246697,114.139648665266
田灣邨田康樓,南區,22.2515911337568,114.149907066921
皇后大道東282號鄧肇堅醫院靈實康復中心,灣仔,22.2754636248757,114.177739412734
大口環道9號東華三院馮堯敬醫院,南區,22.271414600726,114.124825729745
柴灣興華(一)邨興翠樓(迴旋處),東區,22.2624657061911,114.234911089717
筲箕灣樂融軒 (南安里過停車場),東區,22.2779460197695,114.227227050952
筲箕灣耀興道38號東熹苑景熹閣(消防閘內),東區,22.2801588630421,114.218235532659
西灣河太康街逸星閣路口,東區,22.2865445398079,114.223607922598
寶珊道1A號杏彤苑,中西區,22.280036412204,114.138759003009
大口環道19號協康會大樓慶華特殊幼兒中心,南區,22.2704982527423,114.124268747061
沙灣徑7號麥理浩復康院,南區,22.2699346951986,114.124138097177
小西灣道28號藍灣半島(上落客區),東區,22.266181122715,114.250727998693
翠樂邨翠祿樓,東區,22.2676525469442,114.240518972325
鰂魚涌康山花園5座,東區,22.2854744942671,114.216351379654
北角英皇道模範邨C座民康樓,東區,22.290551622999,114.208897253309
北角堡壘街19號景文樓,東區,22.2897159081997,114.196516642684
薄扶林道131號（心光學校）（恩望平台）,南區,22.2670062113718,114.132168228478
筲箕灣東欣苑歡欣閣,東區,22.2806185521272,114.221410046412
將軍澳日出康城9期OCEAN MARINI,將軍澳,22.2946178139022,114.268729771367
鰂魚涌南豐新邨11座,東區,22.2823703693646,114.214376247316
鰂魚涌康柏徑10號康景花園B座,東區,22.2810164002666,114.213264253411
鰂魚涌康山花園2座,東區,22.2854001024475,114.215959114126
金粟街10-12號昌麗閣,南區,22.2706571837532,114.126716102239
海怡半島怡南路30號30座慧景閣,南區,22.2440242379473,114.149784312073
上環必列者士街51號中華基督教必愛之家工場,中西區,22.2838776695374,114.149481556306
九龍灣啟成街3號機電工程署,觀塘,22.3263118756401,114.202880114749
筲箕灣太安街28號逸濤灣冬和軒,東區,22.2835657281075,114.224729344075
大角咀福全街27號宏福樓(7-11便利店),油尖旺,22.3208460106683,114.164564331181
長青邨青槐樓(入閘),青衣,22.3457463517919,114.108498720091
長宏邨(入閘迴旋處),青衣,22.3571097182493,114.096374273119
長亨邨亨翠樓(路口),青衣,22.3537245760401,114.097784294152
青泰苑(閘口迴旋處),青衣,22.3624940566022,114.102011078112
長安邨安湄樓,青衣,22.3607659301666,114.105234255033
葵涌怡峰苑豪峰閣,葵涌,22.3618497662214,114.138954664578
北角渣華道123號北角服務設施大樓(北角匯對出近巴士站),東區,22.2923201613246,114.20010120295
將軍澳日出康城路1號LP6,將軍澳,22.2930061548011,114.270273473085
將軍澳日出康城晉海(會所),將軍澳,22.293023398601,114.270942391499
將軍澳緻藍天迴旋處上落客區,將軍澳,22.2966195095831,114.27020954575
羅便臣道垃圾收集站（衛城道入）,中西區,22.2817530407247,114.148061677462
薄扶林道131號（心光恩望學校）,南區,22.2666677548545,114.132209053304
薄扶林道131號（心光幼兒中心）,南區,22.2670041872954,114.1318223853
筲箕灣愛東邨愛善樓(迴旋處),東區,22.2807960507043,114.226949708977
和明苑和暉閣,將軍澳,22.3156239580713,114.267032484809
上環皇后街仁濟醫院晴晞閣(近高陞街口),中西區,22.287070404981,114.146756509075
中環5號碼頭,中西區,22.2874496109085,114.15931444686
薄扶林道131號（心光學校）,南區,22.2669638153015,114.131786989264
九龍塘牛津道1D號展亮技能發展中心,九龍城,22.3287326259366,114.180324023198
東京街西3號庫務大樓(西九龍法院大樓對面),深水埗,22.3306236259907,114.153982346527
香港理工大學文康大樓S座,油尖旺,22.304450926769,114.17959876698
何文田文運道恆信園4期,九龍城,22.3187840156258,114.178014495369
何文田邨適文樓,九龍城,22.3147113505901,114.183016237532
何文田愛民邨敦民樓,九龍城,22.3129214504028,114.177532417313
何文田愛民邨頌民樓,九龍城,22.3128553540314,114.178400919185
荔枝角道246號,深水埗,22.3271646004089,114.162969194128
青山道64號名人商業中心聖康會,深水埗,22.33432204985,114.161954629873
達之路香港城市大學,深水埗,22.3372458830647,114.172865119396
彩明苑(入閘天橋底),將軍澳,22.3076025636752,114.253649969497
尚德邨尚信樓,將軍澳,22.3105841412192,114.257411492033
尚德邨尚美樓基督教懷智復康中心,將軍澳,22.3111220770495,114.256956429368
貿泰路茵怡花園(近小巴站),將軍澳,22.3217802452017,114.256068097664
油塘大本型(的士站),觀塘,22.296879665238,114.239006857068
油塘油翠苑沃美閣(鯉魚門道巴士站),觀塘,22.2985840800897,114.238587151411
翠屏南邨翠榮樓(消防閘口),觀塘,22.3123682623999,114.233080639764
翠屏南邨翠杏樓(消防閘口),觀塘,22.3123460642954,114.232129571049
福塘道4號啟能康復大樓基督教家庭服務中心,觀塘,22.3118059268488,114.228805720773
翠屏北邨翠梅樓香港心理衛生會觀塘庇護工場,觀塘,22.3159432858224,114.22894173631
翠屏道3號基督教家庭迪智展能中心,觀塘,22.3116795188017,114.2289173688
藍田復康徑8號紅十字會雅麗珊學校,觀塘,22.3074345515783,114.230656003018
九龍灣啟業邨啟盛樓(入閘左面),觀塘,22.329605803183,114.20936933608
牛頭角花園大廈畫眉樓,觀塘,22.3171771514481,114.219222551835
觀塘康利道23號南康大廈,觀塘,22.3185038157938,114.220515794642
景林邨景榆樓,將軍澳,22.3196747591992,114.261514275835
大角咀棕樹街2號榮富苑1座,油尖旺,22.3193737288232,114.165507441524
黃大仙下邨龍華樓,黃大仙,22.3386639635235,114.194771471134
藍田廣田邨廣逸樓,觀塘,22.3027176976613,114.240661241029
香港馬仔坑竹園道天宏苑：C座（宏美閣）,黃大仙,22.3440208,114.1866883
鳳德邨黛鳳樓,黃大仙,22.3437863199204,114.201912549513
慈雲山慈正邨正怡樓循道衛理楊震晉業中心,黃大仙,22.3510733093282,114.201289236573
慈雲山慈樂邨樂信樓,黃大仙,22.347103294875,114.19928632702
紅磡祟平街9號建業中心,九龍城,22.3113293669678,114.190790038259
藍田康華苑怡康閣,觀塘,22.3139294220918,114.240194473893
黃大仙悅庭軒 (入停車場),黃大仙,22.3416832766837,114.201711385036
黃大仙中心北館（停車場落客區）,黃大仙,22.3427567681724,114.190501442282
香港牛頭角功樂道53號碧麗苑,觀塘,22.3179746,114.2188771
沙浦道83號御豪門(賈炳達道入卸貨區),九龍城,22.3311319308203,114.192199797571
牛池灣平定道東10號紅十字會瑪嘉烈戴麟趾學校,黃大仙,22.3358516256126,114.212872452501
西九龍法院大樓,深水埗,22.3314008243019,114.153231382633
伊利沙伯醫院(衛理道入),油尖旺,22.3083860639393,114.174317371751
牛頭角上邨常榮樓(入閘),觀塘,22.3194180664513,114.21667683058
黃大仙上邨耀善樓,黃大仙,22.3427654137339,114.191862317492
荔枝角道236號荔聯大廈慶楠護老院,深水埗,22.3268930685749,114.162932251128
南山邨道南逸樓循道衛理楊震南山晉逸居(近啟智學校),深水埗,22.3348166130929,114.171855061719
九龍灣臨華街南豐商業中心  (停車場出入口),觀塘,22.3228937737599,114.207553513947
秀茂坪曉光街26號曉光護老中心,觀塘,22.3178540300396,114.230836321406
彩虹邨紅萼樓(近垃圾站),黃大仙,22.3367943926575,114.205820355215
斧山道宏景花園,黃大仙,22.3413190303914,114.207756993871
富山邨富信樓(近消防閘口),黃大仙,22.3426313659486,114.20880131538
彩雲邨日月樓(7-11店),黃大仙,22.3343122764597,114.214635589151
藍田德田邨德盛樓耀能協會德田工場,觀塘,22.3073859320734,114.239077121155
福塘道4號啟能康復大樓基督教家庭服務中心翠業坊,觀塘,22.3117942711562,114.228789989713
香港九龍城福佬村道25號,九龍城,22.3281545182381,114.187543766129
黃大仙下邨龍慧樓,黃大仙,22.3398956772892,114.193860077335
鑽石山星河明居(閘口過避車處),黃大仙,22.3410683151834,114.202693678614
坪石邨藍石樓(停車場),觀塘,22.3327869985576,114.209807207357
油塘邨貴塘樓（入閘）,觀塘,22.2980659854337,114.238453850571
油塘邨榮塘樓與華塘樓中間(入閘),觀塘,22.2990330583806,114.238115909599
油塘油麗邨盈麗樓,觀塘,22.3003527844432,114.236569500349
藍田麗港城第1期第6座,觀塘,22.3066986571901,114.227154156417
禾輋邨民和樓香港耀能協會禾輋工場,沙田,22.3896818562553,114.195226190129
瀝源邨榮瑞樓唐氏綜合症協會卓業中心,沙田,22.3852687392622,114.191284794365
馬鞍山恆安邨恆海樓(垃圾站),沙田,22.4160924293129,114.227907744528
藍田匯景花園1座,觀塘,22.3069768548009,114.233627178426
黃大仙下邨龍達樓,黃大仙,22.3398327358775,114.195621260254
何文田忠孝街欣圖軒 (近巴士站),九龍城,22.3158267120949,114.180440519236
新蒲崗越秀廣場,黃大仙,22.3339149223098,114.195509048102
翠竹花園11座(近巴士總站),黃大仙,22.3463060460727,114.187428966754
彩虹邨錦雲樓,黃大仙,22.3368521565974,114.205018834871
紅磡黃埔花園明愛樂然展能中心(德定街小巴總站),九龍城,22.3047972623069,114.190699873669
何文田常康街51號耀能協會盛康園(閘口),九龍城,22.3202049408109,114.182679177075
將軍澳政府合署,將軍澳,22.3048196488232,114.256936958886
麗瑤邨貴瑤樓,葵涌,22.3534104177219,114.131967617552
富昌邨富萊樓,深水埗,22.3289881070813,114.154024581654
旺角登打士街1號智選假日酒店,油尖旺,22.3149430464249,114.167319575005
太子大南街德誠居,油尖旺,22.3240810181963,114.167465539167
深水埗李鄭屋邨道德樓,深水埗,22.3395370413576,114.158747888305
石硤尾偉倫街 (近12號小巴站),深水埗,22.3348696584651,114.167354009249
石硤尾邨6期美柏樓(石硤尾街上落),深水埗,22.3313481838745,114.166777789668
梨木樹邨5座,荃灣,22.3790526829252,114.134743807776
石圍角邨扶康會石圍角工場（2號停車場）,荃灣,22.3757653825779,114.122868868763
石圍角邨石芳樓仁濟醫院盧李佩貞工場,荃灣,22.3745413868958,114.124062087162
橫頭磡東道 (近福德祠),黃大仙,22.3414491205266,114.188319509883
慈雲山慈康邨康潤樓,黃大仙,22.3477095073681,114.20336921319
鑽石山瓊東街1號瓊軒苑A座,黃大仙,22.3411314161805,114.208893530438
藍田匯景花園12座,觀塘,22.3065753141359,114.232971751106
黃大仙下邨龍滿樓,黃大仙,22.3387621007529,114.192534286863
彩頤里采頤花園12座,黃大仙,22.3367535874803,114.202094346689
馬鞍山利安邨利豐樓,沙田,22.4249268460408,114.241118217688
馬鞍山富寶花園11座,沙田,22.4241648975222,114.23686482088
馬鞍山頌安邨頌德樓(錦豐苑消防閘入),沙田,22.4219218267131,114.22572384594
富亨邨(巴士總站OK便利店),大埔,22.4580743225304,114.171245660303
廣福邨廣智樓,大埔,22.448940815271,114.173101189123
上水祥龍圍邨服務設施大樓匡智中心(入停車場),北區,22.4947736395863,114.123674830658
南坑頌雅路松嶺村匡智訓練中心(入閘後轉右),大埔,22.4629730153313,114.173215238748
富忠里1號耀能協會賽馬會田綺玲學校,大埔,22.4568945063632,114.17293747176
廣福邨廣惠樓匡智慧妍雅集工場,大埔,22.4492097544123,114.174235752166
馬鞍山迎海 (第22座),沙田,22.4301906823916,114.244650754203
大圍隆亨邨樂善堂楊葛小琳中學,沙田,22.3669871429106,114.177775343445
大圍徑口里 (過雙黃線),沙田,22.3644922959154,114.175312558017
馬鞍山保泰街18號天宇海(入閘),沙田,22.4152783336934,114.223743901424
馬鞍山嵐岸1座,沙田,22.4114786357961,114.222844172059
馬鞍山恆泰路錦泰苑商場,沙田,22.4090228559449,114.221777238375
馬鞍山大水坑村99號(停車場),沙田,22.4063927208446,114.223445537409
沙田第一城30座,沙田,22.385707926941,114.204945094297
沙田第一城11座,沙田,22.3876028608795,114.203206732711
新田圍邨富圍樓(近的士站),沙田,22.3699167318393,114.187154397276
白田壩街36-44號信義工業大廈,葵涌,22.3743378567199,114.110097714847
將軍澳日出康城領都 (回旋處),將軍澳,22.2943881119807,114.272230585364
將軍澳日出康城10期,將軍澳,22.2936858742744,114.267881449881
健明邨健曦樓,將軍澳,22.3056652255567,114.251025430957
怡明邨怡情樓,將軍澳,22.3070533121753,114.263459993628
將軍澳東港城(上落客區),將軍澳,22.3159808014305,114.26517327686
順天邨天璣樓鄰舍輔導會順天宿舍,觀塘,22.3263147932079,114.225158976235
牛頭角下邨貴顯樓,觀塘,22.3216401296051,114.215572052848
油塘鯉魚門邨鯉隆樓,觀塘,22.2940457897993,114.239277878007
藍田康逸苑康景閣(連德道巴士站),觀塘,22.3105073073285,114.234806186295
油塘鯉魚門邨鯉隆樓循道衛理楊震晉朗中心,觀塘,22.293988923552,114.239381747937
李鄭屋邨道德樓心理衛生會李鄭屋工場,深水埗,22.3396314422768,114.158737309022
粉嶺暉明邨泰暉樓,北區,22.4811280704035,114.136260617987
粉嶺坪輋坪輋路2號孔嶺村兒童遊樂場,北區,22.5145776538135,114.167314639331
上水祥龍圍邨服務設施大樓仁濟醫院何德心宿舍(入停車場),北區,22.4947289794845,114.123583847154
上水古洞青山公路7號可愛忠實之家,北區,22.5039433796622,114.100719711071
粉嶺置嘉里嘉福商場,北區,22.4928731804992,114.136045826556
華明邨耀明樓,北區,22.4829931524619,114.141910268811
上水彩園邨彩華樓,北區,22.5004872294032,114.126639106474
朗屏邨繡屏樓(消防閘口),元朗,22.4516745552627,114.023656244269
上水太平邨平治樓匡智中心,北區,22.4983155452065,114.126215744769
粉嶺雍盛苑雍華閣盛愛之家工場(迴旋處),北區,22.4818616335622,114.136814628172
大埔太和邨福和樓,大埔,22.452271438746,114.160947530472
粉嶺靈山路23號匡智粉嶺綜合復康中心,北區,22.5000677973979,114.136999148018
深水埗大埔道190號五聯大廈,深水埗,22.3319392389072,114.16476062823
深水埗大埔道128號逸華軒,深水埗,22.3297968675137,114.166352349612
長沙灣怡閣苑(入閘),深水埗,22.3327225953209,114.158083101327
石硤尾邨美益樓,深水埗,22.3343056866932,114.164872997788
安達臣道301號靈實恩光學校,將軍澳,22.3214554498288,114.244014640255
南山邨南明樓基督教懷智南山中心,深水埗,22.3351490381511,114.172327982211
長沙灣道303號政府合署大樓,深水埗,22.3319248130452,114.160629481343
何文田牧愛街房屋署(停車場口),九龍城,22.3152737116199,114.180853117543
何文田迦密村街何文田政府合署,九龍城,22.3148270097878,114.180257586167
富善邨善景樓,大埔,22.454668477266,114.176608070568
大埔新圍仔球場(門口),大埔,22.4559049514523,114.162483397351
上水清河邨(入閘後第一個迥旋處),北區,22.4933279710797,114.124933067409
粉嶺祥華邨商場(卸貨區近大昌食品),北區,22.4930283222047,114.140656713938
上水天平邨天怡樓(入閘),北區,22.5042557745893,114.13229999957
上水天平路翠麗花園3座(70K巴士站),北區,22.5088217585183,114.128812851634
小瀝源安耀街3號匯達大廈(B1停車場),沙田,22.3902122209164,114.209306112434
沙咀道26-38號滙力工業中心,荃灣,22.3739054074054,114.108581025153
工業街24號威信物流中心,葵涌,22.3616178824902,114.134712369775
老圍木棉下村 (過停車場出入口),荃灣,22.3762561991186,114.118220616201
富昌邨富韻樓,深水埗,22.3286268726475,114.155412822929
土瓜灣九龍城道66-82號 U PLACE,九龍城,22.3179407051852,114.188857221475
旺角深旺道1號匯豐中心(奧運巴士總站),油尖旺,22.3186856075281,114.16071936992
灰窑角街樂悠居(入停車場),荃灣,22.3661622004572,114.118175199892
火炭禾上墩街彩禾苑,沙田,22.3974756515321,114.188418902573
博康邨博逸樓,沙田,22.3757113916909,114.194599459967
大圍顯徑邨顯貴樓,沙田,22.3610570296263,114.171003715004
大圍顯徑邨顯田街11號嘉順苑,沙田,22.3620089740097,114.174314936167
大圍顯徑邨顯沛樓(警署側球場),沙田,22.3657923161317,114.174744695113
大圍雲叠花園商場(後門田心街小巴站),沙田,22.368357683791,114.177577000471
沙田灰窰下村窰圍街 (迴旋處小巴站),沙田,22.3763135359605,114.196941142664
水泉澳邨明泉樓東華三院樂活熙庭院舍(停車場),沙田,22.3742482462905,114.198423395601
亞公角山路45號鄰舍輔導會怡欣山莊,沙田,22.3944299396435,114.218564031506
馬鞍山恆安邨恆江樓救世軍工場,沙田,22.4170196779085,114.229830151877
和康徑1號秀茂坪紀律部隊宿舍(停車場),觀塘,22.32125822581,114.224751426546
秀茂坪安達邨誠達樓(停車場入口),觀塘,22.3212730821277,114.234132203417
至善街7號播道書院,將軍澳,22.3046207925666,114.262324270346
九龍灣啟業邨啟寧樓,觀塘,22.3298491792415,114.2090721011
樂富康強苑 (入閘停車場),黃大仙,22.337135216962,114.189557929008
橫頭磡邨宏耀樓,黃大仙,22.3418593201674,114.186145624459
正德街104號社區中心鄰舍輔導會展能中心,黃大仙,22.3410273873094,114.194035798103
竹園北邨橡園樓(新生精神康復會培訓中心),黃大仙,22.3464473047865,114.19335343878
深水埗置輝閣 (大埔道31-35號),深水埗,22.3298811328202,114.16610183383
秀茂坪邨秀緻樓,觀塘,22.318255464126,114.233650353792
將軍澳彩明苑(近彩明街巴士站),將軍澳,22.3066797600127,114.253812623996
翠林邨輝林樓,將軍澳,22.3242753164019,114.24842284177
黃竹坑業興街11號B座南匯廣場,南區,22.2492094157958,114.165024804836
石硤尾南昌街332號賽馬會新生精神康復會工場,深水埗,22.3387943641815,114.168218621516
歌和老街53號香港心理衛生會臻和學校,深水埗,22.3399607347764,114.168054871166
隆亨邨樂心樓心理衛生會隆亨中心,沙田,22.3675134645756,114.177471813511
沙田源順圍25號,沙田,22.38154824139,114.207261550696
馬鞍山彩沙街1號星漣海,沙田,22.432840082296,114.242453924966
"馬鞍山錦英苑B座錦佳閣(入邨入閘,AB座中間)",沙田,22.4230656981601,114.237906014194
沙田廣源邨廣榕樓,沙田,22.381127379346,114.214292174611
沙田正街3-9號希爾頓中心(近巴士站),沙田,22.3796995634793,114.187118498373
大圍站(B出口上落客區),沙田,22.3725302244568,114.179478443192
九龍城沐安街回旋處避車處,九龍城,22.32931966586,114.20165779961
啟晴邨欣晴樓,九龍城,22.3325332138563,114.203391863914
黃大仙睦鄰街8號現崇山(入閘),黃大仙,22.3404561872715,114.196803394491
香港老虎岩聯合道196號樂富邨樂民樓,黃大仙,22.3367784371412,114.186696468448
橫頭磡富強苑富和閣(富強街入消防閘),黃大仙,22.3400322779533,114.185206265221
藍田德田邨德欣樓救世軍展能中心,觀塘,22.308409444856,114.239758498651
九龍灣啟業邨啟裕樓(自強協會),觀塘,22.3287263259712,114.210331610734
葵涌大連排道金龍工業中心 (一座),葵涌,22.3580262977476,114.131879682955
西樓角路1-17號新領域廣場,荃灣,22.3749965388106,114.114265222768
葵涌葵芳邨葵喜樓(停車場閘口),葵涌,22.3593659217159,114.128646941945
葵涌大隴街(避車處),葵涌,22.3647547027141,114.137169791453
安蔭邨豐蔭樓,葵涌,22.3690461177867,114.141987182972
安蔭邨澤蔭樓,葵涌,22.3698592921999,114.142077895721
荔枝角道420號麗安邨麗德樓,深水埗,22.3307734189466,114.157906716293
元洲邨元豐樓,深水埗,22.3376197465186,114.155187465765
葵合街22號耀能協會羅怡基學校,葵涌,22.365822220536,114.129328069516
祖堯邨啟勉樓,葵涌,22.347953890482,114.128774520273
荔景邨樂景樓(近郵局),葵涌,22.3462593581335,114.126590674448
葵盛東邨盛安樓,葵涌,22.3650299363925,114.126314640073
葵涌邨合葵樓(巴士站),葵涌,22.3684784521454,114.130976119741
荃景圍荃灣中心彩怡之家(入閘平台近OK便利店),荃灣,22.3784794739281,114.107936342715
荃灣福來邨海壩街 (小巴站尾近郵筒),荃灣,22.3731552281643,114.113191963773
荃榮街名逸居(停車場口),荃灣,22.3684407345141,114.1200768347
九華徑新村(牌坊近垃圾站旁),葵涌,22.344789069764,114.136131162048
荔景山路200號救世軍荔景院,葵涌,22.3450479206061,114.127917588699
葵盛西邨10座新生精神康復會工場,葵涌,22.36005167918,114.122914075675
巧明街100號安盛金融大樓,觀塘,22.3122698761063,114.223106653469
油塘油麗邨逸麗樓(入閘),觀塘,22.3014343517595,114.236471004999
油塘高俊苑(迴旋處),觀塘,22.2982853771469,114.241693744337
油塘邨富塘樓,觀塘,22.2972728008048,114.238708926327
牛頭角功樂道 2號賽馬會大樓心理衛生會敦睦軒,觀塘,22.3175370763783,114.222546615381
牛池灣街彩輝邨(入閘)彩華樓,黃大仙,22.3355430072264,114.217930013973
啟晴邨康晴樓,九龍城,22.331753719224,114.203087182971
九龍灣麗晶花園7座,觀塘,22.3309118619096,114.20590556732
九龍灣宏照道啟業邨閘口前,觀塘,22.3289987128566,114.208194145508
藍田匯景花園10座(花園內地鐵站D2出口方向),觀塘,22.3071579891354,114.233264286221
香港观塘福塘道4號,觀塘,22.3119004,114.2286565
翠林邨安林樓基督教家庭翠林工場,將軍澳,22.3237467156139,114.248915045451
葵涌麗瑤邨貴瑤樓,葵涌,22.3536470261493,114.13137088595
黃大仙竹園南邨富園樓,黃大仙,22.3440985859617,114.18987653493
黃大仙匯豪山,黃大仙,22.3452476897506,114.199084603338
新蒲崗爵祿街康景樓,黃大仙,22.3350194196614,114.197139005901
九龍灣麗晶花園2座,觀塘,22.3296298511403,114.206611227188
牛頭角承昌道1號香港兒童醫院,觀塘,22.3158535115507,114.208980497406
觀塘聯安街泰興大廈,觀塘,22.3150863163131,114.221485592782
觀塘月華街萬福大廈,觀塘,22.3130266064524,114.228063690952
藍田鯉魚門道鯉安苑B座鯉逸閣,觀塘,22.3092364071661,114.232129293711
香港秀茂坪曉光街曉麗苑B座曉星閣,觀塘,22.3213792,114.2283226
黃大仙天宏苑宏美閣,黃大仙,22.344036116434,114.186633812998
順天邨天韻樓,觀塘,22.3257380285682,114.228084339447
藍田平田邨平誠樓(消防閘口_落雨入閘上平台),觀塘,22.3059561110006,114.236637897371
藍田興田邨彩田樓,觀塘,22.3129711346571,114.239309309165
黃大仙下邨龍福樓,黃大仙,22.3397685140335,114.191553679159
漆咸道南11-15號余仁生中心(余仁生門外),油尖旺,22.2968272561401,114.175153637253
牛頭角功樂道2號香港心理衛生會賽馬會大樓,觀塘,22.3173085960269,114.222380189506
將軍澳工業邨駿才街77號電視廣播城,將軍澳,22.2797778042291,114.272310207271
將軍澳工業邨駿昌街2號,將軍澳,22.2903968695698,114.271658948955
屯門景新徑景新臺 上落客區,屯門,22.402569603221,113.981056748334
青衣青逸軒1座(長安邨入閘),青衣,22.360651979606,114.104303165973
美景花園(商場入閘),青衣,22.3441828778319,114.106744315562
牛頭角彩興路簡約公屋,觀塘,22.3313784058777,114.216885780353
德朗邨德瓏樓(入閘),九龍城,22.3297124782398,114.203239297289
長沙灣邨長欣樓,深水埗,22.3347417982277,114.156066002641
美孚新邨蘭秀道2-4號（荔灣道荔枝角公園牌坊對面，禁區牌前）,深水埗,22.3388518544398,114.138450512657
美孚新邨荔灣道10號 (油站),深水埗,22.3377502740824,114.137990496311
荔灣道荔枝角公園(牌坊的士站),深水埗,22.3367883566894,114.137356412313
華荔邨喜荔樓,葵涌,22.3426689477867,114.137619752453
麗瑤邨華瑤樓,葵涌,22.3522639450241,114.131531284908
葵涌麗瑤邨富瑤樓 (近街市),葵涌,22.3540073212773,114.130224195306
荔枝嶺路31號明愛賽馬會荔景中心,葵涌,22.3457368930055,114.131738690038
葵盛圍310號保良局夏利萊博士伉儷復康中心,葵涌,22.3606246094388,114.125004068297
美林邨佛教黃允畋中學(迴旋處),沙田,22.3781453033476,114.177913371345
美林邨(的士站),沙田,22.3778610959751,114.174960330939
廣源邨廣橡樓,沙田,22.3802080186959,114.214985614538
沙田廣林苑興林閣,沙田,22.3799712004971,114.216744019643
馬鞍山富安花園(巴士總站近OK便利店),沙田,22.405379194963,114.223687165563
瀝源邨福海樓耀能協會新界東康復中心(過隧道近左面),沙田,22.385950128943,114.191787588252
新翠邨新芳樓賽馬會匡智工場,沙田,22.3712104827426,114.182084992603
大圍美田邨美景樓基督教懷智服務處美田綜合復康服務中心,沙田,22.3760011226337,114.170048980861
深水埗 大埔道中國聯合銀行九龍分行大樓,深水埗,22.3270899308018,114.167621876034
太子基堤道(巴士站),油尖旺,22.3256314967202,114.174104529907
黃埔花園一期 金柏苑 (近停車場口),九龍城,22.3050951952054,114.187252793959
柯士甸道西1號凱旋門(迴旋處),油尖旺,22.3032932666127,114.162366543453
尖沙咀柯士甸路15B嘉華大廈,油尖旺,22.3024638834091,114.175032816559
油麻地上海街61號嘉成大廈,油尖旺,22.3046224878073,114.168980462784
佐敦文昌街21號文蔚樓,油尖旺,22.3080340806778,114.166705540533
長青邨青桃樓,青衣,22.3455361813813,114.109131232971
梨木樹邨松樹樓,荃灣,22.3792735162164,114.13563573261
楊屋道1號荃新天地鄰舍輔導會怡康居(上落貨區),荃灣,22.3694950394267,114.113214343407
青山公路644號翠濤閣2座,荃灣,22.3704999531762,114.09840955958
良德街3號豐連,屯門,22.4092923369435,113.967936189109
和田邨(閘內),屯門,22.4147011078035,113.968586781654
欣田邨(近青麟路巴士站),屯門,22.4146934114742,113.976631395912
屯門新村(巴士站),屯門,22.418245250274,113.982372933449
屯富路15號紀律部隊宿舍,屯門,22.4092707023815,113.980050375878
安寧路欣康樓盲人輔導會欣悅軒(巴士站),元朗,22.4458726990161,114.022348698922
梨木樹邨柏樹樓,荃灣,22.378640475987,114.134634896694
碧濤花園1期(避車處),沙田,22.3942324956365,114.207938776383
沙田富豪花園翡翠閣,沙田,22.3856284161059,114.200267588691
大圍美田邨美致樓(入閘後轉左),沙田,22.376327046827,114.171454621644
碧田街8號翠景花園1座,沙田,22.3782033047378,114.173174971929
秦石邨石瑩樓(的士站),沙田,22.3731213033502,114.186009571119
大圍嘉田苑嘉慧閣,沙田,22.3604344944471,114.172671640952
禾輋邨豐禾里2號耀能協會高福耀學校,沙田,22.3880619400787,114.193646480171
沙田東華三院馮黃鳳亭中學,沙田,22.3848640525499,114.192836684179
太古城金楓閣,東區,22.2876189198224,114.215773515696
天水圍天耀邨耀民樓耀能協會天耀工場,元朗,22.4503067538564,114.003433879632
荃灣尚翠苑保良局長者日間護理中心,荃灣,22.367386563052,114.120356368174
大圍美林邨(巴士總站),沙田,22.3777434253732,114.174895262
馬鞍山頌安商場(的士站近麥當勞),沙田,22.4224903946955,114.226786126365
馬鞍山保泰街8號嘉華星濤灣,沙田,22.4133446317226,114.223079838925
禾輋商場(近7-11便利店),沙田,22.387777739031,114.19468307543
大涌橋路(近乙明邨巴士站),沙田,22.3773117842768,114.191236690535
灣仔堅尼地道100號聖雅各福群會大樓 (停車場),灣仔,22.2724844639801,114.17325949607
軒尼詩道130號修頓中心 (過港鐵B1出口),灣仔,22.2772603247811,114.172464445042
油塘鯉魚門邨鯉生樓,觀塘,22.2947103309412,114.240211700544
秀茂坪曉光街(油站對面),觀塘,22.3156556954025,114.232844350252
葵涌石蔭路 (近獅子樓),葵涌,22.3702916183615,114.138831974587
華景山莊19座,葵涌,22.3551704574876,114.137472810585
駿景園8座,沙田,22.4006239550402,114.201793056048
啟德沐安街18號啟朗苑,九龍城,22.3303727803362,114.200896245282
汀角路黃魚灘村(巴士站),大埔,22.4623353198857,114.205861058262
香港荃灣蕙荃路22-66號綠楊新邨S座,荃灣,22.372260143381,114.121293265375
寧峰苑(梨木道梯口),葵涌,22.3724289324554,114.138358519704
大圍悠定街7號保良局李兆忠紀念復康中心,沙田,22.3731835358651,114.17144874889
啟德沐安街啟福居,九龍城,22.3278015570003,114.203406260603
沐虹街聖公會聖十架小學,九龍城,22.3328910842264,114.204133590077
寶達邨巴士總站(迴旋處),觀塘,22.3178571640076,114.236379579172
功樂道9號富麗花園,觀塘,22.3164544880563,114.221250350457
將軍澳旭輝臺 (屋苑外大閘),將軍澳,22.3236958578369,114.254624759186
煜明苑熹明閣,將軍澳,22.3149005795302,114.266945863347
將軍澳唐明苑唐輝閣 (唐德街回旋處過的士站),將軍澳,22.307945138425,114.25683387352
將軍澳維景灣畔3座,將軍澳,22.3018249907876,114.253644328173
將軍澳景嶺路都會駅9座,將軍澳,22.3047421183649,114.252014951351
將軍澳新都城2期(交通交匯處乘客上落區),將軍澳,22.3223342406544,114.258739706556
將軍澳景嶺路3號 香港專業教育學院(李惠利),將軍澳,22.3057225024412,114.253677469486
觀塘鯉魚道10號觀塘法院後門(迴旋處),觀塘,22.3098048622646,114.229545650641
土瓜灣馬頭涌道93-103號美誠大廈,九龍城,22.3239348973832,114.188248700288
沙田坳道10號黃大仙紀律部隊宿舍,黃大仙,22.3403985402113,114.196318500683
石硤尾白田邨澤田樓,深水埗,22.3368163294573,114.168284739837
柯士甸道西1號漾日居7座(平台),油尖旺,22.305449760426,114.163093016932
長沙灣邨服務設施大樓循道衛理楊震晉晴中心(入閘),深水埗,22.3346969847945,114.156231198175
香港觀塘海濱道77號,觀塘,22.3164515,114.2137006
尖沙咀麼地道77號華懋廣場,油尖旺,22.2999281757368,114.178991486735
慈雲山雲華街慈愛苑愛慧閣,黃大仙,22.3502905468101,114.19975644326
尖沙咀廣東道188號港景峰1座,油尖旺,22.3021105388163,114.168082446431
元洲邨元滿樓(東京街巴士站),深水埗,22.3351891816016,114.157844949252
何文田太子道西310A嘉樂園,九龍城,22.3269397472309,114.183801404833
石硤尾邨美笙樓,深水埗,22.333485936512,114.165774112186
黃大仙東頭村道龍豐樓 (近小巴站),黃大仙,22.3397681474209,114.194905979211
彩福邨彩歡樓,觀塘,22.3272037926092,114.217850994799
牛頭角樂華北邨普華樓,觀塘,22.3220050755295,114.22044711374
牛頭角道裕民中心商場(近小巴站),觀塘,22.3145011158695,114.222773738195
葵昌路51號九龍貿易中心,葵涌,22.3614931374078,114.13248900202
藍田德田邨德隆樓,觀塘,22.3072253678641,114.238169478258
元州邨元慧樓(長沙灣道入閘),深水埗,22.3359850054665,114.156982356283
元州街2號,深水埗,22.3313457674484,114.164583649404
南昌邨昌謙樓,深水埗,22.3268743227501,114.157826221127
石硤尾白田邨雅田樓,深水埗,22.3364449645945,114.166934282643
元州邨元康樓基督教懷智服務處(長沙灣道巴士站),深水埗,22.3366975415461,114.154529045308
旺角太子道西193號新世紀廣場（上落客區）,油尖旺,22.3232733927233,114.172197475126
大網仔路8號逸瓏園(美福街迴旋處),西貢,22.3856352176383,114.273644198453
翠塘花園5座(迴旋處),西貢,22.3799436874526,114.268993365828
西貢對面海邨海泰樓,西貢,22.3747719556858,114.26915626236
南邊圍路(御花園門口近垃圾站),西貢,22.3529163911166,114.249032630334
清水灣道397號壁屋監獄已婚職員宿舍F座(入閘),將軍澳,22.3392441957534,114.247769317084
牛頭角道(近宏光樓閘口),觀塘,22.3257403618725,114.215055727824
北港路20號漁農自然護理署蕉坑管理站,西貢,22.3752531842644,114.261083274305
碧翠路33號保良局永隆銀行金禧庇護工場,西貢,22.3376633646464,114.248408723397
貿泰路8號茵怡花園3座,將軍澳,22.3226603251646,114.25597683994
將軍澳銀澳路1號新寶城(7-11對面),將軍澳,22.3144238680171,114.26647490546
坑口厚德邨(近信義會慕德中學迴旋處),將軍澳,22.3173980334195,114.267603787583
坑口厚德邨德志樓,將軍澳,22.3180042025818,114.264579244917
天香街6號永泰大廈(月華街入),觀塘,22.3135097520263,114.227821070239
竹園北邨橡園樓,黃大仙,22.3463911997596,114.192920222061
青衣長青邨 (青康路閘外小巴站),青衣,22.34468874779,114.108081692946
長康邨康盛樓(涌美路消防閘口),青衣,22.3506694800847,114.103288141142
青衣邨宜偉樓(青葉街巴士站),青衣,22.3552373603732,114.103173462112
偉景花園(迴旋處),青衣,22.3565127659174,114.103953586692
青綠街17號青怡花園,青衣,22.353471637291,114.104877704941
麗城花園二期商場上落客區,荃灣,22.3715345156261,114.099987153761
安蔭邨澤蔭樓 (近小巴站),葵涌,22.3706199518449,114.1419790851
石蔭路北葵涌街市(83A小巴站),葵涌,22.3703662021694,114.139007875456
廣明苑廣寧閣,將軍澳,22.3119497586518,114.259188105857
藍田邨藍碧樓,觀塘,22.3106522159634,114.236321764603
何文田冠德苑B座,九龍城,22.314670131965,114.183221160765
何文田愛民邨建民樓,九龍城,22.3123313521932,114.179365077339
何文田邨景文樓,九龍城,22.3180915429257,114.180709344994
厚德邨德澤樓,將軍澳,22.318613951118,114.263651155467
富麗花園1座,將軍澳,22.3240064448862,114.254549580648
香港魷魚灣貿泰路8號茵怡花園2座,將軍澳,22.3220953457952,114.255853090313
藍田廣田邨廣軒樓,觀塘,22.3031478470623,114.239670758835
黃大仙下邨龍裕樓(閘口),黃大仙,22.3398369198445,114.195540570644
秀茂坪曉麗苑曉天閣,觀塘,22.3208795293276,114.229361520148
慈雲山毓華街60號B廣發大廈,黃大仙,22.3469895068333,114.201562103104
太子界限街12號A興隆大廈,油尖旺,22.3262646336246,114.165575568675
樂富邨宏樂樓(入巴士總站),黃大仙,22.3386285999822,114.18729233108
坑口名成街(連成街商場玻璃門),將軍澳,22.3161362602177,114.26509696089
健明邨健華樓,將軍澳,22.3064244446926,114.251008993095
維景灣畔12座,將軍澳,22.3025420991299,114.253156551525
清水灣道16號聖公會聖約翰小學,黃大仙,22.3339065754751,114.211555319516
牛頭角海濱道宏利大樓,觀塘,22.3158653752826,114.214109152507
石硤尾邨美山樓保良局服務中心,深水埗,22.3320977574593,114.165573715176
樂富邨樂民樓(入閘),黃大仙,22.3365780162184,114.186826610026
紅磡紅樂道9號善匯,九龍城,22.3025575978074,114.185477210195
大角咀埃華街67-87號大同新邨大眾樓聖榮之家,油尖旺,22.3213661774198,114.161209289958
香港白田白田街白田邨太田樓,深水埗,22.3356513,114.1671652
石硤尾邨美賢樓,深水埗,22.3337423391638,114.165491171791
何文田亞皆老街122號旺角大廈,九龍城,22.3199861101783,114.175895532835
何文田愛民邨昭民樓(避車處),九龍城,22.3133419794008,114.178530987557
紅磡紅樂道過渡性房屋「善匯」(避車處),九龍城,22.3022567949381,114.185608859586
紅磡愛景街海濱南岸(閘口),九龍城,22.3024913427465,114.187311709815
亞皆老街玉華大廈(小巴站),九龍城,22.3260723974501,114.18705580411
土瓜灣美景街124號偉恒昌新邨,九龍城,22.3177456404828,114.192203235102
香港平山彩德邨彩敬樓,觀塘,22.3302213,114.2142979
橫頭磡邨宏亮樓賽馬會方心淑引導式教育中心(消防閘外),黃大仙,22.341218572631,114.18808064084
馬鞍山沃泰街8號曉峯灣畔1座(入閘) **慢車上落平台**,沙田,22.4097654297626,114.222343203886
大圍新翠商場,沙田,22.3696964258972,114.181226898263
景嶺路都會駅8座,將軍澳,22.3048725141327,114.251656573388
將軍澳寶盈花園1座,將軍澳,22.3067646560739,114.26224166451
將軍澳翠林邨欣林樓(入閘近垃圾站),將軍澳,22.3232135713652,114.248834317818
新蒲崗大有街萬迪廣場,黃大仙,22.3383179327812,114.19903624205
海達邨海盛樓,深水埗,22.3300038381758,114.150669901693
長沙灣深旺道38號海達邨海榮樓,深水埗,22.3301887314421,114.150250557952
彩虹邨綠晶樓,黃大仙,22.3345476237415,114.206676821766
牛頭角上邨常逸樓(停車場出口),觀塘,22.3188943710829,114.217279305595
秀茂坪邨秀和樓,觀塘,22.3176241748358,114.23246732835
藍田復康徑8號香港紅十字會雅麗珊郡主學校,觀塘,22.3076024450916,114.230544232306
長沙灣長順街11號長城工廠大廈,深水埗,22.3362725774383,114.147932388228
富昌邨富誠樓,深水埗,22.3293839650005,114.154624684407
葵涌荔景邨D停車場(入閘),葵涌,22.3462323950709,114.126268736289
牛頭角彩霞邨彩日樓(消防閘口),觀塘,22.326344232365,114.217198693524
橫頭磡邨宏偉樓,黃大仙,22.3410132681895,114.186339761322
何文田巴富街5號宜富閣(登巴道上落),九龍城,22.3211511199826,114.179517049089
青山道252-256號金球閣仁安護老院,深水埗,22.3375530113434,114.157730677836
長沙灣興華街西9號德貞女子中學,深水埗,22.3320008245713,114.149229851734
大窩口大廈街(近德大徑交通燈位),荃灣,22.3691999326619,114.123788763475
老圍二陂圳路東普陀(近巴士站),荃灣,22.3789484612882,114.127329441301
石籬(二)邨石偉樓(石梨街紅色小巴站),葵涌,22.3649179301018,114.139371275914
青衣邨商場 (卸貨區),青衣,22.3540476142026,114.103318071867
長安邨安湖樓明愛陳震夏展能中心,青衣,22.360927641251,114.104320507062
葵興港鐵站B出口扶康會葵興職業發展中心,葵涌,22.3626627424173,114.131164376381
聯仁街寶石大廈香港神託會,荃灣,22.3681620528096,114.117816019597
牛池灣威豪花園1座(安定道入閘，客通知管理處開閘，如垃圾房上落需提早通知車長),黃大仙,22.3369691626424,114.208336764375
小瀝源路69號帝堡城(正門),沙田,22.383654938065,114.215145490841
碩門邨美碩樓,沙田,22.3861792057722,114.209457193309
乙明邨明信樓(停車場),沙田,22.3760374940844,114.190920406839
沙田正街11-17號偉華中心(樓下避車處),沙田,22.3809259620935,114.18728476126
美林邨美桃樓B座,沙田,22.377796488264,114.177529901391
彩虹邨青楊路(屋邨辦事處),黃大仙,22.3356560788287,114.205903856053
將軍澳安寧花園 (入閘近垃圾站),將軍澳,22.3152295686451,114.262838553532
明德邨(入閘),將軍澳,22.3164595506183,114.268687617268
香港將軍澳名成街,將軍澳,22.316003,114.264987
唐德街9號將軍澳中心(停車場),將軍澳,22.3075108929355,114.257105995794
貿泰路茵怡花園基督教家庭誠望宿舍(近小巴站),將軍澳,22.3227700179419,114.255994606157
藍田平田邨平仁樓,觀塘,22.305961056145,114.236527473268
藍田麗港城14座,觀塘,22.3064197173987,114.227729505635
翠屏北邨翠楊樓,觀塘,22.316891833431,114.230179399042
安秀道23號安泰邨服務設施大樓 (聖雅各忻悅中心),觀塘,22.3253866507369,114.23050724649
安秀道23號安泰邨服務設施大樓,觀塘,22.3252464981736,114.231040191223
香港觀塘月華街和樂邨居安樓,觀塘,22.3162669,114.228042
荔景山路278號荔欣苑(迴旋處),葵涌,22.34243280562,114.137233614977
長沙灣深旺道海達邨海昌樓,深水埗,22.3296775677953,114.150661344578
黃大仙下邨龍泰樓耀能協會龍泰宿舍,黃大仙,22.3401737256226,114.191524889904
年華路樟木頭長者度假中心,沙田,22.4319766187794,114.250500617588
彩雲邨伴月樓靈實創毅中心,黃大仙,22.3332861996755,114.216138210779
香港長沙灣長沙灣(深旺道)總站,深水埗,22.330095,114.149674
葵涌邨春葵樓(近巴士站),葵涌,22.366292,114.131056
九龍城亞皆老街173號A-F芝蘭苑,九龍城,22.3267320013357,114.188640798093
黃大仙東頭村道龍豐樓 (近小巴站),黃大仙,22.3393773155834,114.19454774267
橫頭磡邨宏照樓,黃大仙,22.3407012474343,114.187667809255
橫頭磡富強苑富裕閣,黃大仙,22.3400784046033,114.184616135098
九龍灣麗晶花園11座,觀塘,22.3308956210764,114.20635053545
親民街16號西貢花園2座(近麥當勞),西貢,22.3824951713822,114.271861272452
將軍澳寶寧路25號富寧花園5座(入閘空地),將軍澳,22.3192690581718,114.267542789446
窩打老道79A-K號怡安閣松山府邸護老院,油尖旺,22.3204824907842,114.176557508264
汀角路19號省躬草堂,大埔,22.452714423651,114.165187015206
八號花園,大埔,22.4525224896347,114.166749765981
葵涌大廈街大窩口體育館,葵涌,22.3697676789239,114.12507511142
葵涌大窩口邨富泰樓 (石頭街近小巴站),葵涌,22.3658678141227,114.123006673561
將軍澳培成里8號基督教靈實協會靈實坑口護理院,將軍澳,22.3164817750268,114.267446335521
香港安達臣道301號,將軍澳,22.3217143,114.24439
南昌街248號賽馬會盲人中心(大坑西街停車場口),深水埗,22.3342569030873,114.168467364916
九龍塘聯福道34號永隆銀行商學大樓,九龍城,22.3376809291281,114.181856192049
黃埔花園第四期(德豐街享膳坊近停車場出口),九龍城,22.3030860216773,114.190345455632
黃大仙東頭邨富東樓,黃大仙,22.3362941070116,114.19338741154
土瓜灣欣榮花園(馬頭角道巴士站),九龍城,22.3220052000922,114.189614915544
油塘油麗邨碧麗樓,觀塘,22.3014636542338,114.236670347168
油塘高翔苑高安閣,觀塘,22.2956999701731,114.240230783058
土瓜灣馬頭角道33號欣榮花園匡智工場,九龍城,22.321687927997,114.18946780588
利安道32號順利紀律部隊宿舍,觀塘,22.3322490087647,114.221968607587
常盛街80號半山壹號9座,九龍城,22.3193548802512,114.185467235875
何文田常盛街28號皓畋(陳瑞祺喇沙小學對面),九龍城,22.3186000568806,114.181432972817
何文田 瑜一第5A座,九龍城,22.3092834125692,114.182233657266
橫頭磡邨宏德樓(卸貨區上落),黃大仙,22.3395247671213,114.188632273065
樂富邨樂東樓(近康強苑入閘後迴旋處),黃大仙,22.3373979167031,114.189842857183
黃大仙下邨龍禧樓鄰舍輔導會展能中心,黃大仙,22.3390991985656,114.19265702573
黃大仙下邨龍安樓路德會龍安中心,黃大仙,22.3411613792975,114.192752382082
翠屏南邨翠桐樓保良局八八觀塘工場,觀塘,22.3126002325074,114.233797328212
牛頭角彩德邨彩亮樓,觀塘,22.330005247013,114.214913826982
廣明苑廣新閣,將軍澳,22.3121360847408,114.259538837669
翠琳路景明苑曦景閣,將軍澳,22.3235033703186,114.249316654484
維景灣畔1座,將軍澳,22.3015786763492,114.253781351896
藍田啟田道71號匡智中心,觀塘,22.3091606695934,114.234035937855
葵涌醫院 L 座,葵涌,22.3426114153952,114.133772940951
粉嶺馬適路3號綠悠軒(屋苑大門口的士站前後),北區,22.5014352051699,114.145042337482
上水彩園邨(入閘後靠左近路口),北區,22.5008649550067,114.127036834247
馬鞍山錦泰苑錦富閣,沙田,22.4092507598793,114.221388551529
馬鞍山沃泰街8號曉峰灣畔3座,沙田,22.4109600579526,114.222428316028
馬鞍山錦豐苑A座,沙田,22.4238876323845,114.227018271971
火炭麗坪路駿嶺薈2座,沙田,22.4125074681725,114.201299268307
沙田圓洲角路 春暉花園 (入停車場 靠左停),沙田,22.3810040787855,114.199015624027
石硤尾邨美盛樓(南昌街巴士站),深水埗,22.3333232283319,114.166788240568
深水埗新高登電腦商場,深水埗,22.3328435258793,114.162503212468
長沙灣幸福邨福明樓,深水埗,22.3353362080761,114.154398987246
長沙灣荔盈街海盈邨盈昌樓,深水埗,22.3282556578082,114.148431965783
西環龍華街觀龍樓B座,中西區,22.2801401261344,114.12822017433
海怡半島海怡路3號3座海雅閣,南區,22.2446036627286,114.14783357395
柴灣環翠邨逸翠樓,東區,22.2615066267126,114.238012690715
鰂魚涌太古城怡山閣,東區,22.2859346315712,114.218253044989
順利邨利康樓(順清街大排擋),觀塘,22.3305777389339,114.226217883922
西環皇后大道西新景樓,中西區,22.28635364155,114.133310380951
海怡半島怡南路28號28座御意居,南區,22.2429775054707,114.15054195526
貝沙灣道38號南岸7座,南區,22.2562687285804,114.131820850708
大口環道15-17號紅十字會甘迺迪中心 (轉入後巷近郵筒),南區,22.2710902993524,114.124089224094
金鐘道38號高等法院大樓,中西區,22.2785227139399,114.163339395588
馬鞍山海柏花園(的士站),沙田,22.425840317323,114.230922450144
藍田麗港城17座,觀塘,22.3060526478251,114.227382401327
香港沙田圓洲角路13號A,沙田,22.3809449,114.1993671
"翠屏北邨翠柳樓 (翠屏南邨入閘, 後門近垃圾房)",觀塘,22.3138744465184,114.230185396641
小西灣道富怡花園(中國銀行),東區,22.2628694386581,114.250101365913
香港銅鑼灣堅拿道東35號,灣仔,22.2769997345574,114.181036350106
皇后大道東右轉入李節街李節花園聖雅各,灣仔,22.2771460264845,114.169487546411
香港灣仔李節街1號李節花園,灣仔,22.2770182397718,114.169638055483
油麻地澄平街4號駿發花園2期3座心理衛生會展能中心,油尖旺,22.3106964858711,114.167869040316
油麻地石壁道4號明愛油麻地服務中心,油尖旺,22.3107804793595,114.17171875273
青衣盈翠半島6座,青衣,22.3584184705161,114.107339231196
彩虹道啟德花園(對出近巴士站),黃大仙,22.3376641035422,114.195084521333
大王東街7-11號銳興樓,灣仔,22.2758666312116,114.171054887366
錦暉花園(閘口),屯門,22.3835287734673,113.981432719376
屯門三聖邨滿漁樓,屯門,22.3811384882752,113.978774554149
富昌邨富悅樓,深水埗,22.3276573591696,114.155516546934
旺角彌敦道636號銀行中心,油尖旺,22.3184906702207,114.169907594104
土瓜灣美善同道59號(近小巴站),九龍城,22.3181116605521,114.187063107861
紅磡機利士南路63號合義樓(近巴士站),九龍城,22.3075833907925,114.184791042927
柴灣樂民道3號東區尤德醫院,東區,22.2699444319143,114.236386074952
鰂魚涌太古灣道14號太古城中心3期,東區,22.2874390591811,114.217018045208
油麻地彌敦道440號澤豐大廈,油尖旺,22.3099329297741,114.171407892393
紅磡邨紅暉樓(迴旋處),九龍城,22.3075321851671,114.188650986292
上環皇后大道中268號荷李活華庭,中西區,22.284240408049,114.151163320225
興盛路89號啟聾學校,葵涌,22.3596830175344,114.12540937882
青衣城(卸貨區21號升降機位),青衣,22.3585407120858,114.10724768378
將軍澳翠林邨安林樓(閘口),將軍澳,22.3238221509486,114.248803017228
寶林邨寶德樓,將軍澳,22.3263141075024,114.255295817621
將軍澳新都城1 期(停車場入口旁),將軍澳,22.3215707046267,114.25713372837
香港將軍澳運亨路新都城中心一期,將軍澳,22.3214718,114.2575215
健明邨明日樓,將軍澳,22.3075258983125,114.250169995524
唐德街9號將軍澳中心 (B1停車場玻璃門 ),將軍澳,22.3075084999944,114.257058357919
唐俊街21號海翩匯2座,將軍澳,22.3035380390294,114.262554988884
華富(一)邨華康樓(瀑布灣道近消防閘),南區,22.2500038930044,114.136150210521
藍田德田邨德樂樓,觀塘,22.3091762142243,114.239426811745
藍田德田街1號康逸苑康庭閣,觀塘,22.3106458666528,114.234410000684
藍田麗港城16座,觀塘,22.3058200416887,114.227591545743
油塘油麗邨智麗樓,觀塘,22.3016053432016,114.236178402865
香港灣仔堅尼地道112號,灣仔,22.2726781131103,114.173695109941
香港灣仔堅尼地道聖雅各福群會賽馬會社會服務大樓,灣仔,22.2725336,114.1734797
北角渣華道333號政府合署,東區,22.2921624228687,114.208256882562
大圍翠田街1-3號愉景花園,沙田,22.3697821674525,114.184128113443
何文田邨(入閘後的士站外),九龍城,22.3164055227537,114.182176738683
何文田愛民商場,九龍城,22.311555055515,114.178633571776
土瓜灣傲雲峰(宋皇臺道正門),九龍城,22.3237350065833,114.190482651915
筲箕灣康東邨康瑞樓,東區,22.2842721269389,114.222715860294
筲箕灣東濤苑旭濤閣,東區,22.2818624909702,114.225406332319
香港香港香港仔漁光道85號,南區,22.2497932,114.1589921
灣仔道近皇后大道東 尚翹峰,灣仔,22.2748275141906,114.174202717567
慈雲山慈正邨慈正商場,黃大仙,22.3507462143676,114.20169372936
彩頤里采頤花園(閘口),黃大仙,22.3373451817038,114.201975273371
太子道西太子閣二期 (過停車場口),九龍城,22.325750091681,114.179518031148
大坑龍華花園,灣仔,22.2743818587821,114.195527552047
海怡半島四期  (鴨脷洲橋道近巴士站),南區,22.2439224115254,114.149833607737
香港愛秩序灣鯉景道,東區,22.2867393097844,114.222181029618
青衣長康邨康榮樓,青衣,22.3494648491114,114.105667003398
大角咀深旺道君匯港,油尖旺,22.3215488410705,114.159222961819
海麗邨海智樓,深水埗,22.3313742158177,114.146700844197
荔枝角道 608 號麗翠苑 (惠康前),深水埗,22.3332936207354,114.155034453066
南昌街332號新生精神康復會工場(入大閘),深水埗,22.3385267002217,114.168272698843
九龍醫院康復大樓,九龍城,22.3252331276068,114.183113649018
觀塘巧明街98號 The Millennity 停車場B1上落貨區,觀塘,22.3131047937896,114.220666310619
富昌邨富旺樓,深水埗,22.3292458582192,114.154828972683
秀茂坪邨秀義樓(近秀明道消防閘口),觀塘,22.3228925039885,114.229937999969
將軍澳工業邨駿才街80號,將軍澳,22.2808907771538,114.272380982536
柴灣樂民道3號東區醫院(樂民居),東區,22.2696275404898,114.237712024744
竹園南邨華園樓(入閘後左邊第一個路口),黃大仙,22.344518487107,114.191658397999
西營盤高街69號賢德大廈,中西區,22.2852756980562,114.141745209345
銅鑼灣禮頓道37號崇蘭大廈,灣仔,22.2773081053613,114.182318131521
天水圍天耀(二)邨耀昌樓(迴旋處),元朗,22.4516220538307,114.002917859032
天水圍天晴邨晴滿樓,元朗,22.4641965013439,114.004856438132
龍逸邨健龍樓,屯門,22.3866553561057,113.967410391487
豐安街翠寧花園(入閘),屯門,22.3845524723998,113.973979226562
沙田第一城41座,沙田,22.3858066829367,114.203089613886
公園南路26號保良局羅氏信託學校,元朗,22.4407665228824,114.017589729338
菁田邨菁心樓,屯門,22.4115741774018,113.971610368255
洪水橋洪福邨洪福商場(近洪元路的士站),元朗,22.4361018936445,113.997240351447
天盛苑天靖街(迴旋處),元朗,22.4493268789519,114.001504503317
大棠路駿逸雅苑3A座(入閘),元朗,22.4310480695268,114.028063305838
新時代廣場(地下落客區),元朗,22.4444808702728,114.03526385559
錦繡花園K段5街57號,元朗,22.4793759070487,114.048496591617
錦繡花園I段5街12號,元朗,22.4786602252126,114.043789284684
湖景邨湖暉樓聖公會展能中心,屯門,22.3774694066853,113.965428726418
湖景邨湖光樓鄰舍輔導會康復中心,屯門,22.3748653923515,113.964845276919
恆貴街8號基督教服務處培愛學校,屯門,22.3823515244668,113.973890357127
富泰邨秀泰樓工程及醫療義務工作協會展毅中心,屯門,22.4130854290833,113.983457080908
天水圍天華邨華逸樓,元朗,22.4604917368216,113.995341610063
紫田村150號西坑尾(康寶路直入西坑尾路牌右轉空地),屯門,22.4192900009835,113.970994705747
良德街12號海麗花園1座,屯門,22.4074466306259,113.968692104239
大興邨興平樓,屯門,22.4040130769125,113.971406220989
大興邨興昌樓社區復康網絡(小停車場),屯門,22.4019250363237,113.969299438484
兆興里3號兆麟苑商場(惠康超市正門),屯門,22.3843659986567,113.976475915534
新安街2號富益商業大廈恩榮康復院舍(正門),屯門,22.3939572351788,113.970321432295
山景邨景安樓新生精神康復會銀禧宿舍(迴旋處),屯門,22.3974734084756,113.966051708249
田景邨田樂樓新生精神康復會田景工場(入閘),屯門,22.4071792769665,113.965362054621
朗屏邨悅屏樓5-20號基督教懷智服務處朗藝坊,元朗,22.4482779894458,114.022689841101
天水圍天恒邨恒智樓,元朗,22.4705295244028,114.000571578197
天水圍天耀邨耀華樓,元朗,22.4522322808363,114.005601145918
天水圍天瑞邨瑞財樓(消防閘口),元朗,22.4562908015415,113.997745009688
天水圍天華邨華萃樓,元朗,22.4598375728152,113.99551237818
天水圍天逸邨逸江樓,元朗,22.466731759006,113.999747454057
井財街9號錦發大廈,屯門,22.4032930304018,113.978062220311
友愛邨愛暉樓,屯門,22.3882006599582,113.973547506307
蝴蝶邨蝶意樓鄰舍輔導會工場(仁德天主教小學側停車場),屯門,22.3760236089532,113.963491512947
豐安街1號展亮技能發展中心,屯門,22.3843094323628,113.971921106062
安定邨定泰樓香港耀能協會安定宿舍,屯門,22.3878459673284,113.977129093216
長沙灣麗閣邨麗籮樓,深水埗,22.332142970427,114.157334068738
馬鞍山耀安邨耀遜樓,沙田,22.4190134241472,114.231447324054
大圍豐盛苑富盛閣(入閘),沙田,22.3723072231528,114.188702182039
新翠邨新俊樓,沙田,22.3689505071165,114.182399560805
火炭銀禧花園6座,沙田,22.3982707243009,114.200431088501
藍田平田邨平誠樓(消防閘口),觀塘,22.3061970215183,114.237158031581
水泉澳邨明泉樓匡智中心(停車場),沙田,22.3744457162465,114.198263900373
天水圍屏欣苑 (橋發街出入口避車處),元朗,22.4449665042,114.004170511255
元朗朗庭園1座,元朗,22.4447215069906,114.017930662354
朗日路9號GRAND YOHO 3座,元朗,22.445562671187,114.037417954393
屯貴路9號富泰邨逸泰樓,屯門,22.41322882698,113.985284679489
屯安里1號疊茵庭,屯門,22.4102118165431,113.980912050676
大興邨鄰舍輔導會大興宿舍(興昌樓路口),屯門,22.4019214314315,113.969209542213
屯門大興花園二期3座,屯門,22.399777902533,113.971152401983
新福路33號新生農場,屯門,22.410065024971,113.97162711103
洪水橋洪福職業復康中心(洪天路巴士站),元朗,22.4372977680769,113.998748508813
天水圍天澤邨服務設施綜合大樓,元朗,22.467032313702,113.997509317607
天水圍天澤邨澤輝樓保良局天澤工場,元朗,22.4671160209409,113.998066769151
良景邨良賢樓,屯門,22.4077888783343,113.962870814517
建生邨康生樓,屯門,22.4059145267709,113.969867800252
青松觀路10號鄰舍輔導會怡逸居,屯門,22.4085072152203,113.971305730374
大興邨興泰樓(的士站),屯門,22.4033825992208,113.970210718881
大樹下西路天佑豪苑(路口入停車場),元朗,22.4349521916249,114.029295938088
香港屯門田景路田景邨田敦樓,屯門,22.4067362,113.9658671
紫田村128號(垃圾站),屯門,22.4157624047058,113.974934903923
洪水橋洪福邨服務設施大樓(近巴士站),元朗,22.437374963229,113.998766233547
天水圍天盛苑盛譽閣,元朗,22.4482962970761,114.00149137931
天水圍天恩邨恩樂樓,元朗,22.4629695149938,113.996168063674
天水圍天恩邨恩翠樓,元朗,22.4644522226582,113.996418801235
天水圍天悅邨悅泰樓(近郵局),元朗,22.4626571203697,113.998872983978
天水圍天晴邨晴喜樓,元朗,22.4638784031338,114.004963970275
天水圍嘉湖山莊翠湖居6座,元朗,22.4587063081225,113.999573473135
青榕街1號海景花園4座(入閘),屯門,22.378185633386,113.984360200838
青榕街2號屯門閣,屯門,22.3781406855786,113.98500530143
山景邨社康大樓匡智中心,屯門,22.3985762442479,113.966972177849
天水圍天晴邨天晴社區綜合服務大樓,元朗,22.4634694929969,114.004451216361
青龍頭龍騰路帝華軒(近噴水池),荃灣,22.3626420919873,114.044871216305
深井麗都花園(巴士站),荃灣,22.3668132579401,114.059034234639
寶豐路油柑頭村(近濾水廠),荃灣,22.3711899231404,114.096032723784
美環街愉景新城商場(近巴士總站前),荃灣,22.377066445298,114.111279978336
葵涌邨雅葵樓(上角街迴旋處),葵涌,22.3690789674732,114.127037222295
屯門屯子圍涼亭,屯門,22.4204003892559,113.980349327675
源禾路21號香港專業教育學院,沙田,22.3902075255876,114.198217822211
青山公路201號竹園神召會康樂工場,屯門,22.3988168628371,113.977088778088
上水清濤苑入閘（卸貨區）,北區,22.4953718489693,114.128789811765
上水彩園邨彩湖樓,北區,22.5005839066524,114.125530752932
太和邨居和樓,大埔,22.4502495096727,114.16261618036
大埔頭華樂豪庭52座,大埔,22.4554796965236,114.155286282968
大埔頭嘉敬里(近停車場),大埔,22.4553080918636,114.158784551392
鳳園路9號嵐山9座(入閘),大埔,22.4663109117911,114.179692933209
富善邨善翠樓,大埔,22.4542338464127,114.176022765427
運頭塘邨(南運路巴士站),大埔,22.4433162112594,114.168692210658
富豪花園豪華閣,沙田,22.3853483215162,114.199297110418
青芊街2號保良局陳百強伉儷青衣學校,青衣,22.3484302958043,114.10309386901
天水圍天晴邨晴雲樓,元朗,22.4632822031734,114.003333965354
天水圍天逸邨逸湖樓(入閘迴旋處),元朗,22.4661758788378,113.999459664173
黃家圍一台104-107號(新墟徑第一個路口上),屯門,22.4003963968762,113.978809403946
震寰路82號聖公會康恩園,屯門,22.4088254428934,113.969387940129
大圍美田邨美秀樓,沙田,22.3758751924441,114.170737939153
牛頭角上邨常滿樓,觀塘,22.3187686709335,114.217457206109
牛頭角道297號花園大廈玉蓮臺3座(入閘),觀塘,22.3170891324473,114.218230744835
土瓜灣欣榮花園（炮仗街）,九龍城,22.3214536935306,114.189368392447
何文田常盛街39號東華三院黃祖棠社會服務大樓,九龍城,22.3200162864691,114.181947674526
沙田中文大學康本國際學術園,沙田,22.4164802461145,114.211199704123
排頭街1-3號康樂及文化事務署總部,沙田,22.3847292685624,114.188607114964
東涌滿東邨滿和樓(迴旋處),離島,22.2774923289214,113.932685193885
東涌逸東邨清逸樓,離島,22.280993937704,113.937281024002
東涌逸東邨舟逸樓,離島,22.2810035252645,113.936142898955
東涌逸東邨救世軍林拔中紀念學校,離島,22.2816124430856,113.937493364675
東涌迎東邨迎福樓,離島,22.2962940916137,113.953479496224
東涌藍天海岸5座,離島,22.2911568367024,113.945111709019
東涌映灣園商場(住客上落位),離島,22.2921648980875,113.949229460398
青衣青盛苑,青衣,22.3499466799094,114.102181680486
葵盛東邨盛家樓,葵涌,22.3633511162177,114.125558613352
葵涌葵盛圍188號高盛臺,葵涌,22.3646560630568,114.122862707688
荔景邨日景樓(入閘),葵涌,22.3500004214684,114.126945411613
油麻地窩打老道54號 循道衛理楊震社會服務處,油尖旺,22.314185016241,114.172631931042
錦上路博愛江夏圍村,元朗,22.4335044017306,114.071416531261
錦田泰康圍(錦田街市對面巴士站),元朗,22.4399223920827,114.065099460961
屯門菁田邨菁信樓,屯門,22.4120060573307,113.971282381972
屯門良景邨良智樓,屯門,22.4049247741682,113.961776865094
湖秀街2號悅湖山莊8座,屯門,22.3743725970147,113.96804483186
和田邨和喜樓,屯門,22.4140388411182,113.968860017753
碩門邨健碩樓 (安明街避車處),沙田,22.3870266205802,114.208847778552
沙田威爾斯親王醫院 舊翼日間創傷大樓二樓平台,沙田,22.379335397386,114.201824693332
香港沙田銀城街威爾斯親王醫院 - 兒科,沙田,22.3783078,114.2012944
大圍顯泰街18號名家匯1座,沙田,22.3613661126867,114.175539147577
大圍美田路1號名城(入閘第2個迴旋處),沙田,22.3701902719164,114.175461528562
麗坪路33號玖瓏山(入閘近邨巴站),沙田,22.4128169340158,114.200111006589
富亨邨亨榮樓(近71K巴士站),大埔,22.4599886668976,114.172658656289
圓洲角路王屋村20號(近牌坊),沙田,22.3801017407704,114.199315711933
兆麟苑(兆麟街入閘迴旋處),屯門,22.3843808161942,113.976488039541
荔崗街11號浩景台6座,葵涌,22.3496782422259,114.130154951965
長沙灣深盛路8號碧海藍天(入閘),深水埗,22.3334847884319,114.148352398442
天水圍天頌苑頌波閣(小巴站),元朗,22.4605656726327,113.99764690045
天水圍天瑞邨商場(的士站尾),元朗,22.4553309498414,113.998723576114
大埔汀角路大美督村口 (垃圾站對面),大埔,22.4724305566322,114.232370494933
沙田火炭駿景園3座,沙田,22.4006865276689,114.202093829673
香港沙田廣榮里,沙田,22.3826816,114.2160744
大圍名城車公廟路近一座(避車處),沙田,22.3697459667902,114.175436766949
蘇屋邨茶花樓基督教家庭翠藝中心(佛教大雄中學對面),深水埗,22.3407200561656,114.158442429887
元州邨元康樓基督教懷智服務處(入閘),深水埗,22.3375174105136,114.154391939781
黃大仙警署 (親仁街正門外),黃大仙,22.3398149144763,114.196593351406
沙福道19號教育局九龍塘服務中心,九龍城,22.3367735974287,114.177402687864
錦上路元崗村牌坊 (近巴士站),元朗,22.4241634069302,114.077601052578
錦田錦匯路18號恒莆新苑,元朗,22.4355097564265,114.066273124305
新田福興里新圍村村公所,元朗,22.4716469083195,114.056609603046
湖翠路268號邁亞美海灣6座,屯門,22.3721244134165,113.970395648188
新屋村廈村82號(村口直入辰田動力招牌對面),元朗,22.4453817524469,113.992165425496
洪水橋洪福綜合職業復康中心,元朗,22.4374250151407,113.998513274235
洪水橋洪福邨洪盛樓柏雨長者鄰舍中心,元朗,22.4377725172482,113.99759534998
華明路華明邨康明樓(近巴士站),北區,22.4835942837901,114.139473822566
牛頭角道淘大商場(近巴士站),觀塘,22.3245507966026,114.215324920276
竹園南邨貴園樓 (近天虹小學),黃大仙,22.3441268299256,114.190133214211
樂富邨宏康樓(小巴站後),黃大仙,22.3390754353478,114.186997761219
東頭邨振東樓,黃大仙,22.3356552956895,114.192918624929
紅磡紅菱街3號東華三院何玉清工場,九龍城,22.3051937972372,114.184098155385
福塘道4號啟能康復大樓基督教家庭欣悅坊,觀塘,22.3119060107175,114.228825458281
九龍灣大業里11號水務署九龍東區大樓,觀塘,22.3181876052883,114.213271351427
古洞路白石凹交匯處(近巴士站),元朗,22.5040066287493,114.085513836021
大埔明雅苑B座明欣閣,大埔,22.4518387619486,114.175273853871
鳳園路9號嵐山2座(入閘),大埔,22.4642118173129,114.180096826168
紅磡海逸豪園25座(戴亞街),九龍城,22.3064540597498,114.193279395224
香港長沙灣元州街303號元州邨元豐樓,深水埗,22.337651,114.155265
新蒲崗景福街118號景泰苑,黃大仙,22.3350605677416,114.200467254182
海怡半島怡韻閣(近巴士站),南區,22.2436600534991,114.14646407845
奉天街(近香港仔大道),南區,22.2487001443561,114.153221240525
華貴邨嘉隆苑嘉傑閣,南區,22.2497701606329,114.138019314899
上碧瑤灣(的士站),南區,22.2619744666652,114.134207717928
碧瑤灣28座(下碧瑤灣),南區,22.2623615836796,114.13191271545
金鐘添美道2號政府總部東座,中西區,22.2810579568317,114.165816643634
葵盛圍323號葵聯邨聯悦樓,葵涌,22.362144639871,114.12672395824
葵興路100號葵涌中心,葵涌,22.3638164927726,114.131660840037
小西灣道9號富欣花園(入閘),東區,22.2651761381424,114.249052537979
柴灣翠灣街18號已婚警察宿舍(入閘),東區,22.2667479543217,114.239851421194
柴灣新翠花園(吉勝街渣打銀行門口),東區,22.2643252873591,114.236903749227
香港仔石排灣邨 (入閘迴旋處),南區,22.2490191098492,114.157996455386
北角渣華道303號廉政公署大樓,東區,22.2928023958008,114.205975201332
青山公路123號紅棉大廈,荃灣,22.3709412910016,114.11966554897
油塘高俊苑(入閘OK便利店),觀塘,22.2983512634571,114.242309358905
華富(二)邨華泰樓,南區,22.2520406678761,114.136605798539
華富(一)邨華信樓(停車場),南區,22.2506974034814,114.135261431609
啟德協調道2號 Airside (停車場B2層 E區 70 號車位),九龍城,22.331394498011,114.19978394046
石籬(二)邨石富樓,葵涌,22.3674633171302,114.140340361823
葵盛東邨盛樂樓（閘外）,葵涌,22.3628927110175,114.128349620053
葵涌邨芷葵樓(天橋底),葵涌,22.3675972592499,114.126779319863
葵涌大廈街 (近仁雅大廈),葵涌,22.3686664942491,114.123202323457
馬閃排路海壩村東北臺9號(對出停車場),荃灣,22.3773426079887,114.122548300319
華富(一)邨華建樓,南區,22.2522514078696,114.135394217414
香港南昌街248號香港盲人輔導會,深水埗,22.3342211,114.1684753
中環下亞厘畢道18號律政中心(入閘),中西區,22.2792192891203,114.158606041801
皇后大道東213號胡忠大廈(近巴士站),灣仔,22.2745570577857,114.172685946737
馬鞍山耀安邨耀平樓,沙田,22.4188412565325,114.230139159019
碩門邨新碩樓,沙田,22.3861820141408,114.209321313571
新田圍邨裕圍樓(入閘近冬菇亭),沙田,22.3693591480889,114.186927816148
大圍海福花園(積泰里迴旋處),沙田,22.3727236120409,114.176246589532
田灣邨田健樓,南區,22.2520336063816,114.150369697256
香港仔大道26號海光閣,南區,22.2476987869298,114.158372511036
貝沙灣4期2座,南區,22.2530911185566,114.132804755629
創紀之城一期 (入車場),觀塘,22.314168719655,114.21992663703
海麗邨(深旺道巴士站),深水埗,22.3324013856421,114.147645047322
香港長沙灣荔枝角道泓景臺,深水埗,22.3347447,114.1480692
柯士甸道西1號漾日居1座(卸貨區),油尖旺,22.3045184213848,114.162850057523
上環高陞街28號仁濟醫院復康中心,中西區,22.2870921404086,114.146638739235
九龍灣偉業街德福花園C1座(乘客上落區),觀塘,22.3217581689574,114.212922433423
偉業街223號宏利金融中心,觀塘,22.3077015696366,114.224075230918
小西灣邨瑞福樓,東區,22.2616704256588,114.249378927155
筲箕灣愛賢街愛東商場 (避車處),東區,22.2809424110773,114.228074829474
牛頭角道常興樓(68號小巴站),觀塘,22.3186713741525,114.215786310527
順利邨利業樓(近巴士站),觀塘,22.3319337287208,114.225484978839
秀茂坪曉麗苑曉晴閣,觀塘,22.3202774213346,114.228862696398
翠屏北邨翠柳樓(巴士站),觀塘,22.3139853999149,114.229801802158
油塘油麗邨秀麗樓(入閘迴旋處),觀塘,22.3013639871864,114.236566981397
屯門欣寶路 8 號 Novo Land,屯門,22.4118001023785,113.970849139696
兆安苑(入閘),屯門,22.3890523820071,113.976540497841
西半山列堤頓道48號俊傑花園,中西區,22.2836168526461,114.141688194702
北角寶馬山道賽西湖大廈5座,東區,22.2860196043488,114.202130177607
藍田康華苑頌康閣,觀塘,22.3135657041756,114.23998725195
小西灣邨瑞盛樓,東區,22.2639334935897,114.247590763811
遮打道皇后像廣場(近巴士站尾),中西區,22.281553795956,114.160292049498
"香港麗港城 S Laguna St, 麗港城34座",觀塘,22.3050312,114.2284851
柴灣杏花邨13座,東區,22.2778960999177,114.238138980904
西灣河太安街港島民生書院,東區,22.2831805349076,114.223970920668
香港鰂魚涌太古灣道紫樺閣,東區,22.287612,114.215497
太古城青松閣,東區,22.2873207105696,114.214430846406
北角丹拿道18號丹拿花園1座,東區,22.2903998530952,114.201890416572
東涌美東街2號東堤灣畔6座,離島,22.289046499744,113.939428935545
大角咀海輝道10號瓏璽2座,油尖旺,22.3184685239839,114.156069711993
大角咀晏架街65號 海康大廈一座,油尖旺,22.3200722655419,114.16361459039
石排灣邨碧園樓,南區,22.2493359941071,114.158071884819
堅尼地城士美菲路85號寶德大廈,中西區,22.2794563466104,114.129446924763
荃灣荃新天地 (楊屋道復康車位),荃灣,22.3693458766635,114.113271107237
香港深水埗昌新里南昌邨2座昌賢樓,深水埗,22.3264194,114.1582874
香港觀塘翠屏道18號,觀塘,22.3121832,114.2323983
香港長沙灣英華街,深水埗,22.3302952,114.1531322
旺角彌敦道700號,油尖旺,22.3205568040486,114.16952849792
馬灣路迴旋處 (近巴士站),荃灣,22.3495228155712,114.060765417623
大埔汀角路19號富善花園2座,大埔,22.4525320525012,114.164825714159
馬鞍山西沙路銀湖天峰(地下烏溪沙站交通交匯處),沙田,22.4283580393093,114.243762321948
水泉澳邨峻泉樓,沙田,22.3715143566594,114.199602172473
屯子圍256-256A忠義堂(避車位),屯門,22.4210768392056,113.979630075819
鳳園路9號嵐山6座(入閘),大埔,22.4648326716397,114.179824284069
"香港大埔滘 Hung Lam Rd, 滌濤山5座",大埔,22.4356454,114.1845519
沙田安睦街聖雅各福群會曉明居,沙田,22.3854574837608,114.210066982549
露屏路10號香港教育大學,大埔,22.4677560522465,114.193614228339
上水智順里順欣花園,北區,22.5013795221417,114.132354439582
新運路粉嶺中心(近巴士站),北區,22.4908884516097,114.142455229064
粉嶺名都怡景閣 (新運路近巴士站),北區,22.4927392409725,114.139673792798
沙田碩門邨社會服務大樓,沙田,22.3862763556906,114.209652448229
碧田街18號恆峰花園(保安站),沙田,22.3775612238943,114.171656454862
新田圍邨盛圍樓,沙田,22.3704171116362,114.187372658598
火炭山尾街18-24號沙田商業中心,沙田,22.397114643053,114.193467139874
香港元朗青山公路昌裕大廈,元朗,22.444664,114.027545
天水圍 上璋圍 (聚星樓),元朗,22.4482185242021,114.006588653524
紫田村300號欣樂軒康復院舍,屯門,22.4175567814162,113.97283221858
屯門業旺邨停車場,屯門,22.3881967436643,113.969473550989
北角電氣道華凱大廈 B 座,東區,22.2893596152224,114.193695048698
啟德沐翠街3號煥然壹居,九龍城,22.3312736820756,114.202442671954
啟晴邨樂晴樓,九龍城,22.3320584431915,114.203416626392
紅磡黃埔花園2期錦桃苑第14座(近郵局),九龍城,22.3048502338148,114.18994006827
北角百福道丹拿山循道學校外 (巴士站對面),東區,22.2908945008893,114.205148503139
灣仔皇后大道東樂滿大廈,灣仔,22.2768354249315,114.168765653975
葵涌醫院A座 - 日間復元中心,葵涌,22.3416382759383,114.134580154842
瑪嘉烈醫院 (急症室),葵涌,22.3409765809563,114.134563905584
天水圍天耀邨耀民樓,元朗,22.4501458187112,114.003663384941
屯門富泰邨秀泰樓,屯門,22.4130463914332,113.983181698581
屯門龍門路富健花園12座,屯門,22.3834107994819,113.965176321489
大角咀大全街大同新邨大榮樓,油尖旺,22.3220924866316,114.160627755632
華懋荃灣廣場 耀能協會新界西綜合社區康復中心,荃灣,22.3752486035265,114.111300065191
東涌道滿樂坊 (近巴士站),機場及東涌,22.2772389172026,113.933496380313
東涌松滿路滿東邨 (入閘迴旋處),機場及東涌,22.2773498881419,113.931773378602
安蔭邨康蔭樓,葵涌,22.3722778760155,114.141934780131
八鄉下輋村村公所,元朗,22.448221274398,114.094395445187
元朗擴業街朗屏8號 (入閘),元朗,22.448719265947,114.026673629521
元朗廈村路 駿成重櫃場閘內,元朗,22.4466515577871,113.986738541396
粉嶺軍地沙頭角公路109號 (近巴士站尾),北區,22.5102232367843,114.160291480988
上水東慶路公廁,北區,22.5087133212187,114.122988792071
九肚山麗坪路33號 玖瓏山天瓏閣第2座 (入閘近邨巴站),沙田,22.4133707754744,114.199506116495
沙田亞公角街賽馬會耆智園,沙田,22.3991991573896,114.213304447243
粉嶺祥華邨祥智樓,北區,22.493352019078,114.14198762979
元朗水邊圍邨媽廟路 (近巴士站),元朗,22.4462183528701,114.021588771262
屯門富盛街培澤軒宿舍,屯門,22.4142447736823,113.981677551217
屯門景峰徑偉景花園B座,屯門,22.4051013702032,113.981488205318
屯門青榕街4號雅翠苑 (青榕街閘口),屯門,22.3787437802322,113.984551619723
安定邨定泰樓耀能協會安定工場,屯門,22.3877638661941,113.976986624363
屯門紫田村牌坊路邊旁綠色郵箱,屯門,22.4143576016438,113.97465694592
屯門東華三院小欖峻庭智障人士日間活動中心,屯門,22.3663906753019,114.015881251517
元朗朗日路GRAND YOHO 平台第3座,元朗,22.4448289529777,114.037222181015
屯門龍門居巴士總站 (市區的士站尾),屯門,22.3849978430044,113.965848791646
屯門榮發里恆豐園內 1座,屯門,22.3840961199003,113.9812265191
金鐘立法會道1號立法會綜合大樓,東區,22.2813435680807,114.166423758879
漁光道85號扶康會康復中心,東區,22.2495951375818,114.158990263625
石排灣邨碧輝樓新生精神康復會培訓中心(巴士總站側),灣仔,22.2502654183729,114.157331371813
皇后大道東282號鄧肇堅醫院靈實康復中心,南區,22.2754636248757,114.177739412734
北角長康街20號,灣仔,22.28976682107,114.195864736073
鰂魚涌康柏徑10號康景花園A座,灣仔,22.2806186078637,114.213175833641
鰂魚涌英皇道925號麗池大廈,灣仔,22.2898201815979,114.209724980689
柴灣環翠邨富翠樓,灣仔,22.2624722415679,114.238482213366
柴灣環翠邨利翠樓(新廈街小巴站),東區,22.2631014435445,114.239687154878
中環干諾道中 永安集團大廈,東區,22.2842003154729,114.156863205735
香港小西灣小西灣道瑞盛樓,灣仔,22.2638567,114.2478536
柴灣蝶翠苑(卸貨區),中西區,22.2651575095581,114.243997877392
柴灣杏花邨 25 座,中西區,22.2788560869729,114.2398511307
皇后大道東213號胡忠大廈(近巴士站),南區,22.2745570577857,114.172685946737
柴灣興華(二)邨安興樓香港耀能協會賽馬會柴灣工場,南區,22.2638034556923,114.233421936519
惠福道4號東華三院賽馬會復康中心,東區,22.24645704531,114.164066940409
惠福道4號東華三院賽馬會復康中心,灣仔,22.24645704531,114.164066940409
利東邨東昌樓,東區,22.241659236631,114.154076167044
中環5號碼頭,灣仔,22.2874496109085,114.15931444686
上環皇后街仁濟醫院晴晞閣(近高陞街口),灣仔,22.287070404981,114.146756509075
筲箕灣愛蝶灣 (10座),灣仔,22.2816956662991,114.228723829258
灣仔港灣道12號 (停車場升降機口),東區,22.2803764507778,114.172237642592
柴灣道233號新翠花園6座利民會工場,中西區,22.2639833704893,114.236609807734
薄扶林道147號(展亮技能發展中心),東區,22.2602417730119,114.135957550651
堅尼地城士美菲路85號寶德大廈,東區,22.2794563466104,114.129446924763
筲箕灣阿公岩道25號明華大廈A座,東區,22.2792179237997,114.231266949585
石排灣邨碧月樓,東區,22.248962911014,114.15738006548
和明苑和暉閣,中西區,22.3156239580713,114.267032484809
青衣青逸軒1座(長安邨入閘),觀塘,22.360651979606,114.104303165973
美景花園(商場入閘),葵涌,22.3441828778319,114.106744315562
堅尼地道100號聖雅各賽馬會灣仔服務隊,東區,22.2723899469581,114.173486763987
堅尼地道100號聖雅各賽馬會力行工場,東區,22.2726781131103,114.173695109941
北角堡壘街19號景文樓,南區,22.2897159081997,114.196516642684
筲箕灣耀興道38號東熹苑景熹閣(消防閘內),南區,22.2801588630421,114.218235532659
西灣河太康街逸星閣路口,南區,22.2865445398079,114.223607922598
華貴邨東華三院莫羅瑞華復康中心,灣仔,22.2500808928871,114.137973599442
香港薄扶林薄扶林道147號,灣仔,22.2600492,114.1358191
堅尼地道100號聖雅各賽馬會力行工場,南區,22.2726781131103,114.173695109941
灣仔立德里 (過禁區牌),南區,22.2765312412898,114.18011275339
銅鑼灣禮頓道95號星輝大廈,南區,22.2775203720299,114.184918642111
北角丹拿道18號丹拿花園1座,南區,22.2903998530952,114.201890416572
鰂魚涌太古城中心1期(巴士站),南區,22.2856818973587,114.217183625036
柴灣杏花邨13座,南區,22.2778960999177,114.238138980904
西灣河欣景花園(太安街街市),南區,22.2822346838358,114.222773453301
香港銅鑼灣希雲街禮希大樓,灣仔,22.2777877,114.1867459
西灣河興東邨興康樓,南區,22.2812072959175,114.219685260764
筲箕灣愛東邨愛善樓(迴旋處),南區,22.2807960507043,114.226949708977
筲箕灣愛東邨愛善樓(迴旋處),中西區,22.2807960507043,114.226949708977
灣仔堅尼地道100號聖雅各福群會大樓 (停車場),中西區,22.2724844639801,114.17325949607
筲箕灣愛東邨愛善樓(迴旋處),灣仔,22.2807960507043,114.226949708977
香港仔大道22號偉景大廈,南區,22.2477108561678,114.158612297739
石排灣邨碧蔚樓(入閘),灣仔,22.2489351921639,114.158130346135
薄扶林道131號（心光學校）,東區,22.2669638153015,114.131786989264
薄扶林道131號（心光幼兒中心）,東區,22.2670041872954,114.1318223853
薄扶林道131號（心光恩望學校）（恩望平台）,中西區,22.2668421342708,114.132194278594
大口環道12號根德公爵夫人兒童醫院,南區,22.2713421225642,114.123960618322
羅便臣道垃圾收集站（衛城道入）,南區,22.2817530407247,114.148061677462
薄扶林道131號（心光恩望學校）（恩望平台）,東區,22.2668421342708,114.132194278594
薄扶林道131號（心光學校）（恩望平台）,東區,22.2670062113718,114.132168228478
北角英皇道模範邨C座民康樓,南區,22.290551622999,114.208897253309
筲箕灣樂融軒 (南安里過停車場),南區,22.2779460197695,114.227227050952
西環皇后大道西新景樓,南區,22.28635364155,114.133310380951
藍田復康徑7號藍田綜合中心,東區,22.3080382817291,114.23042037906
北角渣華道363號中華煤氣有限公司(1樓停車場),將軍澳,22.2914056880494,114.209540839376
大口環道15-17號紅十字會甘迺迪中心,東區,22.2709138981953,114.124416113912
薄扶林道147號(傷健協會共融軒),東區,22.2602284783082,114.135933970017
海怡半島海怡路3號3座海雅閣,灣仔,22.2446036627286,114.14783357395
彩虹道啟德花園(對出近巴士站),中西區,22.3376641035422,114.195084521333
大王東街7-11號銳興樓,中西區,22.2758666312116,114.171054887366
筲箕灣太安街28號逸濤灣冬和軒,觀塘,22.2835657281075,114.224729344075
九龍灣啟成街3號機電工程署,東區,22.3263118756401,114.202880114749
葵盛西邨10座新生精神康復會工場,油尖旺,22.36005167918,114.122914075675
葵盛西邨10座新生精神康復會工場,青衣,22.36005167918,114.122914075675
葵盛圍310號保良局夏利萊博士伉儷復康中心,青衣,22.3606246094388,114.125004068297
銅鑼灣道123號中華游樂會停車場門口,葵涌,22.2799602475116,114.192261047626
華富(一)邨華信樓(停車場),灣仔,22.2506974034814,114.135261431609
鰂魚涌太古灣道太古城海景花園(巴士站),南區,22.2873375202241,114.219464843032
大口環道15-17號紅十字會甘迺迪中心,將軍澳,22.2709138981953,114.124416113912
筲箕灣愛東邨愛善樓(迴旋處),將軍澳,22.2807960507043,114.226949708977
薄扶林道131號（心光幼兒中心）,將軍澳,22.2670041872954,114.1318223853
薄扶林道131號（心光恩望學校）,將軍澳,22.2666677548545,114.132209053304
大口環道19號協康會大樓慶華特殊幼兒中心,中西區,22.2704982527423,114.124268747061
將軍澳緻藍天迴旋處上落客區,南區,22.2966195095831,114.27020954575
鰂魚涌康柏徑10號康景花園B座,南區,22.2810164002666,114.213264253411
將軍澳日出康城晉海(會所),南區,22.293023398601,114.270942391499
將軍澳日出康城9期OCEAN MARINI,南區,22.2946178139022,114.268729771367
鰂魚涌康山花園2座,南區,22.2854001024475,114.215959114126
將軍澳日出康城路1號LP6,東區,22.2930061548011,114.270273473085
中環干諾道中111號永安中心,將軍澳,22.2865576714029,114.152958478176
堅尼地道100號聖雅各賽馬會力行工場,中西區,22.2726781131103,114.173695109941
長沙灣幸福邨福明樓,南區,22.3353362080761,114.154398987246
石硤尾邨美盛樓(南昌街巴士站),南區,22.3333232283319,114.166788240568
深水埗新高登電腦商場,南區,22.3328435258793,114.162503212468
筲箕灣愛賢街愛東商場 (避車處),九龍城,22.2809424110773,114.228074829474
鰂魚涌南豐新邨2座,深水埗,22.2826239920749,114.213728393149
北角電氣道華凱大廈 B 座,油尖旺,22.2893596152224,114.193695048698
藍田麗港城16座,南區,22.3058200416887,114.227591545743
藍田德田街1號康逸苑康庭閣,南區,22.3106458666528,114.234410000684
油塘油麗邨智麗樓,南區,22.3016053432016,114.236178402865
藍田德田邨德樂樓,南區,22.3091762142243,114.239426811745
華貴邨華廉樓,深水埗,22.2507796246697,114.139648665266
油塘鯉魚門邨鯉隆樓循道衛理楊震晉朗中心,將軍澳,22.293988923552,114.239381747937
福塘道4號啟能康復大樓基督教家庭服務中心,將軍澳,22.3118059268488,114.228805720773
健明邨健曦樓,觀塘,22.3056652255567,114.251025430957
怡明邨怡情樓,觀塘,22.3070533121753,114.263459993628
將軍澳日出康城10期,觀塘,22.2936858742744,114.267881449881
將軍澳彩明苑(彩耀閣回旋處),觀塘,22.3069742976611,114.253795404157
將軍澳日出康城領都 (回旋處),觀塘,22.2943881119807,114.272230585364
景林邨景榆樓,觀塘,22.3196747591992,114.261514275835
翠林邨安林樓基督教家庭翠林工場,觀塘,22.3237467156139,114.248915045451
將軍澳景嶺路3號 香港專業教育學院(李惠利),觀塘,22.3057225024412,114.253677469486
慈雲山慈正邨正怡樓循道衛理楊震晉業中心,油尖旺,22.3510733093282,114.201289236573
九龍灣臨華街南豐商業中心  (停車場出入口),黃大仙,22.3228937737599,114.207553513947
藍田德田邨德盛樓耀能協會德田工場,黃大仙,22.3073859320734,114.239077121155
坑口厚德邨德志樓,觀塘,22.3180042025818,114.264579244917
將軍澳東港城(上落客區),觀塘,22.3159808014305,114.26517327686
將軍澳銀澳路1號新寶城(7-11對面),觀塘,22.3144238680171,114.26647490546
坑口厚德邨德裕樓(健康中心迴旋處),觀塘,22.317513659257,114.267690733903
九龍灣啟業邨啟盛樓(入閘左面),將軍澳,22.329605803183,114.20936933608
竹園北邨橡園樓,九龍城,22.3463911997596,114.192920222061
黃大仙警署 (親仁街正門外),觀塘,22.3398149144763,114.196593351406
九龍醫院康復大樓,黃大仙,22.3252331276068,114.183113649018
新蒲崗大有街萬迪廣場,九龍城,22.3383179327812,114.19903624205
長沙灣深旺道38號海達邨海榮樓,觀塘,22.3301887314421,114.150250557952
何文田愛民邨昭民樓(避車處),觀塘,22.3133419794008,114.178530987557
元洲邨元豐樓,觀塘,22.3376197465186,114.155187465765
長沙灣深盛路宇晴軒,觀塘,22.3338447235389,114.149253060301
海達邨海盛樓,觀塘,22.3300038381758,114.150669901693
元州邨元泰樓,黃大仙,22.3374792223738,114.155413850426
紅磡海逸豪園25座(戴亞街),深水埗,22.3064540597498,114.193279395224
紅磡海逸豪園25座(戴亞街),油尖旺,22.3064540597498,114.193279395224
白田壩街36-44號信義工業大廈,觀塘,22.3743378567199,114.110097714847
石圍角邨石芳樓仁濟醫院盧李佩貞工場,黃大仙,22.3745413868958,114.124062087162
何文田亞皆老街122號旺角大廈,觀塘,22.3199861101783,114.175895532835
彩雲邨日月樓(7-11店),觀塘,22.3343122764597,114.214635589151
彩雲邨伴月樓靈實創毅中心,觀塘,22.3332861996755,114.216138210779
牛頭角功樂道2號香港心理衛生會賽馬會大樓,黃大仙,22.3173085960269,114.222380189506
慈雲山慈正邨正怡樓循道衛理楊震晉業中心,觀塘,22.3510733093282,114.201289236573
黃大仙下邨龍滿樓,觀塘,22.3387621007529,114.192534286863
黃大仙下邨龍慧樓,觀塘,22.3398956772892,114.193860077335
何文田邨適文樓,油尖旺,22.3147113505901,114.183016237532
伊利沙伯醫院(衛理道入),九龍城,22.3083860639393,114.174317371751
安秀道23號安泰邨服務設施大樓 (聖雅各忻悅中心),黃大仙,22.3253866507369,114.23050724649
安秀道23號安泰邨服務設施大樓,黃大仙,22.3252464981736,114.231040191223
翠屏北邨翠梅樓香港心理衛生會觀塘庇護工場,黃大仙,22.3159432858224,114.22894173631
崗背街1-3號花園城2期雅翠苑,沙田,22.3810277202227,114.196401513571
何文田迦密村街何文田政府合署,觀塘,22.3148270097878,114.180257586167
何文田牧愛街房屋署(停車場口),黃大仙,22.3152737116199,114.180853117543
安達臣道301號靈實恩光學校,九龍城,22.3214554498288,114.244014640255
安達臣道301號靈實恩光學校,黃大仙,22.3214554498288,114.244014640255
土瓜灣落山道富裕閣(錶位),九龍城,22.3180997828583,114.186918509527
旺角彌敦道636號銀行中心,九龍城,22.3184906702207,114.169907594104
大圍新翠商場,將軍澳,22.3696964258972,114.181226898263
旺角深旺道1號匯豐中心(奧運巴士總站),葵涌,22.3186856075281,114.16071936992
南昌街332號新生精神康復會工場(入大閘),油尖旺,22.3385267002217,114.168272698843
李鄭屋邨道德樓心理衛生會李鄭屋工場,油尖旺,22.3396314422768,114.158737309022
荔景山路200號救世軍荔景院,深水埗,22.3450479206061,114.127917588699
荔枝嶺路31號明愛賽馬會荔景中心,深水埗,22.3457368930055,114.131738690038
樂富邨宏康樓(小巴站後),沙田,22.3390754353478,114.186997761219
竹園南邨貴園樓,沙田,22.3440152687876,114.190796413412
東頭邨振東樓,沙田,22.3356552956895,114.192918624929
寧峰苑(梨木道梯口),荃灣,22.3724289324554,114.138358519704
綠楊新邨S座,荃灣,22.372725423362,114.121508526724
葵涌葵芳邨葵喜樓(停車場閘口),荃灣,22.3593659217159,114.128646941945
荃灣青山公路荃灣段405號(福來邨永康樓門口),荃灣,22.3745862381876,114.113288080568
長安邨安湄樓,荃灣,22.3607659301666,114.105234255033
葵盛東邨盛安樓,荃灣,22.3650299363925,114.126314640073
藍田復康徑7號藍田綜合中心,黃大仙,22.3080382817291,114.23042037906
藍田復康徑8號香港紅十字會雅麗珊郡主學校,黃大仙,22.3076024450916,114.230544232306
觀塘道392號創紀之城6期,黃大仙,22.3135598148604,114.221973146736
藍田復康徑8號紅十字會雅麗珊學校,黃大仙,22.3074345515783,114.230656003018
新蒲崗大有街萬迪廣場,觀塘,22.3383179327812,114.19903624205
福塘道4號啟能康復大樓基督教家庭服務中心翠業坊,黃大仙,22.3117942711562,114.228789989713
彩虹邨紅萼樓(近垃圾站),觀塘,22.3367943926575,114.205820355215
黃大仙東頭村道龍豐樓 (近小巴站),觀塘,22.3393773155834,114.19454774267
黃大仙下邨龍裕樓(閘口),觀塘,22.3398369198445,114.195540570644
黃大仙東頭村道龍豐樓 (近小巴站),觀塘,22.3397681474209,114.194905979211
彩虹邨綠晶樓,觀塘,22.3345476237415,114.206676821766
沐虹街聖公會聖十架小學,觀塘,22.3328910842264,114.204133590077
啟德沐安街啟福居,觀塘,22.3278015570003,114.203406260603
富忠里1號耀能協會賽馬會田綺玲學校,沙田,22.4568945063632,114.17293747176
上水祥龍圍邨服務設施大樓仁濟醫院何德心宿舍(入停車場),大埔,22.4947289794845,114.123583847154
粉嶺暉明邨泰暉樓,大埔,22.4811280704035,114.136260617987
華明邨耀明樓,大埔,22.4829931524619,114.141910268811
鳳德邨黛鳳樓,觀塘,22.3437863199204,114.201912549513
慈雲山慈樂邨樂信樓,觀塘,22.347103294875,114.19928632702
荔景邨樂景樓(近郵局),荃灣,22.3462593581335,114.126590674448
祖堯邨啟勉樓,荃灣,22.347953890482,114.128774520273
黃大仙上邨耀善樓,荃灣,22.3427654137339,114.191862317492
牛頭角上邨常榮樓(入閘),葵涌,22.3194180664513,114.21667683058
藍田復康徑8號紅十字會雅麗珊學校,將軍澳,22.3074345515783,114.230656003018
牛頭角功樂道2號香港心理衛生會賽馬會大樓,將軍澳,22.3173085960269,114.222380189506
翠屏北邨翠梅樓香港心理衛生會觀塘庇護工場,將軍澳,22.3159432858224,114.22894173631
太子界限街12號A興隆大廈,觀塘,22.3262646336246,114.165575568675
牛頭角上邨常興樓(基顯小學),觀塘,22.3182279999626,114.216712290125
翠屏北邨翠柏樓(巴士站近麥當勞),觀塘,22.3141542159942,114.229350666239
樂富邨宏樂樓(入巴士總站),觀塘,22.3386285999822,114.18729233108
太子大南街德誠居,深水埗,22.3240810181963,114.167465539167
富忠里1號耀能協會賽馬會田綺玲學校,北區,22.4568945063632,114.17293747176
南坑頌雅路松嶺村匡智訓練中心(入閘後轉右),北區,22.4629730153313,114.173215238748
大埔太和邨福和樓,北區,22.452271438746,114.160947530472
天水圍天耀邨耀民樓耀能協會天耀工場,北區,22.4503067538564,114.003433879632
大埔新圍仔球場(門口),北區,22.4559049514523,114.162483397351
富善邨善景樓,北區,22.454668477266,114.176608070568
粉嶺坪輋坪輋路2號孔嶺村兒童遊樂場,大埔,22.5145776538135,114.167314639331
粉嶺置嘉里嘉福商場,大埔,22.4928731804992,114.136045826556
上水古洞青山公路7號可愛忠實之家,大埔,22.5039433796622,114.100719711071
藍田德田邨德盛樓耀能協會德田工場,深水埗,22.3073859320734,114.239077121155
安達臣道301號靈實恩光學校,深水埗,22.3214554498288,114.244014640255
深水埗大埔道190號五聯大廈,觀塘,22.3319392389072,114.16476062823
翠竹花園11座(近巴士總站),將軍澳,22.3463060460727,114.187428966754
石硤尾邨美益樓,將軍澳,22.3343056866932,114.164872997788
深水埗大埔道128號逸華軒,將軍澳,22.3297968675137,114.166352349612
黃大仙下邨龍達樓,九龍城,22.3398327358775,114.195621260254
藍田匯景花園1座,九龍城,22.3069768548009,114.233627178426
粉嶺雍盛苑雍華閣盛愛之家工場(迴旋處),大埔,22.4818616335622,114.136814628172
上水太平邨平治樓匡智中心,大埔,22.4983155452065,114.126215744769
土瓜灣欣榮花園(馬頭角道巴士站),將軍澳,22.3220052000922,114.189614915544
牛頭角彩德邨彩亮樓,將軍澳,22.330005247013,114.214913826982
馬鞍山保泰街8號嘉華星濤灣,將軍澳,22.4133446317226,114.223079838925
愉城苑(沙角邨入閘),將軍澳,22.3778896081992,114.192893726096
灰窑角街樂悠居(入停車場),沙田,22.3661622004572,114.118175199892
秀茂坪邨秀明樓,荃灣,22.3160168163508,114.233563216407
油塘鯉魚門邨鯉生樓,葵涌,22.2947103309412,114.240211700544
安達臣道301號靈實恩光學校,荃灣,22.3214554498288,114.244014640255
創紀之城一期 (入車場),深水埗,22.314168719655,114.21992663703
慈雲山慈正邨正康樓,深水埗,22.3495884416228,114.20280960148
大角咀埃華街67-87號大同新邨大眾樓聖榮之家,深水埗,22.3213661774198,114.161209289958
土瓜灣美善同道26號,九龍城,22.3187212831868,114.186999601769
福塘道4號啟能康復大樓基督教家庭服務中心,九龍城,22.3118059268488,114.228805720773
葵涌麗瑤邨貴瑤樓,油尖旺,22.3536470261493,114.13137088595
小瀝源安耀街3號匯達大廈(B1停車場),荃灣,22.3902122209164,114.209306112434
亞公角山路30號慈氏白端良小屋,沙田,22.3981924478883,114.217279829105
粉嶺馬適路3號綠悠軒(屋苑大門口的士站前後),沙田,22.5014352051699,114.145042337482
上水天平邨天怡樓(入閘),沙田,22.5042557745893,114.13229999957
金鐘法院道金鐘政府合署,觀塘,22.2776130148891,114.163860672512
竹園北邨橡園樓(新生精神康復會培訓中心),將軍澳,22.3464473047865,114.19335343878
竹園北邨橡園樓(新生精神康復會培訓中心),觀塘,22.3464473047865,114.19335343878
藍田麗港城14座,黃大仙,22.3064197173987,114.227729505635
黃大仙下邨龍泰樓耀能協會龍泰宿舍,觀塘,22.3401737256226,114.191524889904
至善街7號播道書院,黃大仙,22.3046207925666,114.262324270346
九龍灣啟業邨啟寧樓,黃大仙,22.3298491792415,114.2090721011
藍田邨藍碧樓,九龍城,22.3106522159634,114.236321764603
將軍澳工業邨駿才街80號,深水埗,22.2808907771538,114.272380982536
將軍澳工業邨駿昌街2號,觀塘,22.2903968695698,114.271658948955
九龍灣臨華街南豐商業中心 (後門),將軍澳,22.3229329110196,114.207771350708
觀塘區鴻圖道23號利登中心,將軍澳,22.3131730968122,114.219744078043
鰂魚涌太古城怡山閣,南區,22.2859346315712,114.218253044989
柴灣環翠邨逸翠樓,南區,22.2615066267126,114.238012690715
大圍美田邨美致樓(入閘後轉左),深水埗,22.376327046827,114.171454621644
碧田街8號翠景花園1座,深水埗,22.3782033047378,114.173174971929
美林邨美桃樓B座,深水埗,22.377796488264,114.177529901391
廣源邨廣松樓,沙田,22.3804578583777,114.215017001972
藍田復康徑8號紅十字會雅麗珊學校,沙田,22.3074345515783,114.230656003018
將軍澳培成里8號基督教靈實協會靈實坑口護理院,黃大仙,22.3164817750268,114.267446335521
橫頭磡邨宏照樓,觀塘,22.3407012474343,114.187667809255
石硤尾邨美笙樓,觀塘,22.333485936512,114.165774112186
橫頭磡富強苑富裕閣,觀塘,22.3400784046033,114.184616135098
啟晴邨康晴樓,觀塘,22.331753719224,114.203087182971
火炭銀禧花園6座,觀塘,22.3982707243009,114.200431088501
窩打老道79A-K號怡安閣松山府邸護老院,沙田,22.3204824907842,114.176557508264
葵涌荔景邨D停車場(入閘),觀塘,22.3462323950709,114.126268736289
瀝源邨福海樓聖公會主風小學,葵涌,22.3856135151197,114.191953964014
馬鞍山錦英路1號錦龍苑龍耀閣,荃灣,22.4260684543012,114.240305991176
石圍角邨石芳樓仁濟醫院盧李佩貞工場,青衣,22.3745413868958,114.124062087162
石圍角邨扶康會石圍角工場（2號停車場）,葵涌,22.3757653825779,114.122868868763
石圍角邨石芳樓仁濟醫院盧李佩貞工場,葵涌,22.3745413868958,114.124062087162
澤安邨華澤樓東華三院陳馮曼玲長者日間護理中心,葵涌,22.3407727787179,114.16458642798
美環街愉景新城商場(近巴士總站前),葵涌,22.377066445298,114.111279978336
安蔭邨澤蔭樓,荃灣,22.3698592921999,114.142077895721
葵涌大隴街(避車處),荃灣,22.3647547027141,114.137169791453
荔景山路200號救世軍荔景院,荃灣,22.3450479206061,114.127917588699
石硤尾邨6期美柏樓(石硤尾街上落),葵涌,22.3313481838745,114.166777789668
深水埗李鄭屋邨道德樓,葵涌,22.3395370413576,114.158747888305
藍田德田邨德隆樓,葵涌,22.3072253678641,114.238169478258
美孚新邨(荔灣道/蘭秀道交界),葵涌,22.3391271104317,114.138477881198
美孚新邨荔灣道10號 (油站),葵涌,22.3377502740824,114.137990496311
德朗邨德瓏樓(入閘),葵涌,22.3297124782398,114.203239297289
太子基堤道(巴士站),葵涌,22.3256314967202,114.174104529907
馬鞍山沃泰街8號曉峯灣畔1座(入閘) **慢車上落平台**,觀塘,22.4097654297626,114.222343203886
清水灣道16號聖公會聖約翰小學,觀塘,22.3339065754751,114.211555319516
福塘道4號啟能康復大樓基督教家庭服務中心,黃大仙,22.3118059268488,114.228805720773
藍田德田邨德盛樓耀能協會德田工場,九龍城,22.3073859320734,114.239077121155
香港匯景花園匯景道8號匯景花園13座,觀塘,22.3068403,114.2327574
藍田康雅苑荔雅閣,觀塘,22.305502966038,114.23848599014
將軍澳新都城1 期(停車場入口旁),觀塘,22.3215707046267,114.25713372837
景林邨景林天主教小學,將軍澳,22.3204883767127,114.260363123118
將軍澳明德邨(閘口迴旋處),將軍澳,22.316205613797,114.268118136695
景嶺路8號都會駅 / 城中駅,將軍澳,22.3045081465834,114.251496326664
安達臣道301號靈實恩光學校,觀塘,22.3214554498288,114.244014640255
屯門業旺邨業善樓,北區,22.388121124267,113.969419092461
天盛苑天靖街(迴旋處),北區,22.4493268789519,114.001504503317
錦繡花園K段5街57號,北區,22.4793759070487,114.048496591617
新時代廣場(地下落客區),北區,22.4444808702728,114.03526385559
大棠路駿逸雅苑3A座(入閘),北區,22.4310480695268,114.028063305838
錦繡花園I段5街12號,北區,22.4786602252126,114.043789284684
啟德協調道2號 Airside (停車場B2層 E區 70 號車位),黃大仙,22.331394498011,114.19978394046
南昌街248號賽馬會盲人中心(大坑西街停車場口),油尖旺,22.3342569030873,114.168467364916
聯安街17-23號連安大樓,觀塘,22.3154089635353,114.221421965852
將軍澳日出康城路1號LP6,觀塘,22.2930061548011,114.270273473085
"翠屏北邨翠柳樓 (翠屏南邨入閘, 後門近垃圾房)",將軍澳,22.3138744465184,114.230185396641
秀茂坪邨秀賢樓(小巴站),將軍澳,22.3189550456785,114.233877385984
香港沙田圓洲角路13號A,屯門,22.3809449,114.1993671
藍田復康徑7號藍田綜合中心,青衣,22.3080382817291,114.23042037906
葵涌大圓街12-22號瑞榮工業大廈,青衣,22.3700235994761,114.135823647454
葵合街22號耀能協會羅怡基學校,觀塘,22.365822220536,114.129328069516
葵合街22號耀能協會羅怡基學校,九龍城,22.365822220536,114.129328069516
葵合街22號耀能協會羅怡基學校,深水埗,22.365822220536,114.129328069516
安達臣道301號靈實恩光學校,葵涌,22.3214554498288,114.244014640255
荃榮街名逸居(停車場口),葵涌,22.3684407345141,114.1200768347
美孚新邨蘭秀道2-4號（荔灣道荔枝角公園牌坊對面，禁區牌前）,葵涌,22.3388518544398,114.138450512657
楊屋道1號荃新天地鄰舍輔導會怡康居(上落貨區),葵涌,22.3694950394267,114.113214343407
石硤尾偉倫街 (近12號小巴站),葵涌,22.3348696584651,114.167354009249
美林邨美林官立小學(入邨到尾),沙田,22.3795623644532,114.174806252141
葵合街22號耀能協會羅怡基學校,油尖旺,22.365822220536,114.129328069516
荔景山路200號救世軍荔景院,油尖旺,22.3450479206061,114.127917588699
富昌邨富萊樓,將軍澳,22.3289881070813,114.154024581654
葵涌麗瑤邨富瑤樓 (近街市),將軍澳,22.3540073212773,114.130224195306
荃灣祈德尊新邨 (海盛路B座),將軍澳,22.3705137606768,114.11040490734
尖沙咀柯士甸路15B嘉華大廈,葵涌,22.3024638834091,114.175032816559
柯士甸道西1號凱旋門(迴旋處),葵涌,22.3032932666127,114.162366543453
佐敦文昌街21號文蔚樓,葵涌,22.3080340806778,114.166705540533
黃埔花園一期 金柏苑 (近停車場口),葵涌,22.3050951952054,114.187252793959
牛頭角彩興路簡約公屋,葵涌,22.3313784058777,114.216885780353
油麻地上海街61號嘉成大廈,葵涌,22.3046224878073,114.168980462784
深水埗 大埔道中國聯合銀行九龍分行大樓,葵涌,22.3270899308018,114.167621876034
豐安街1號展亮技能發展中心,青衣,22.3843094323628,113.971921106062
安定邨定泰樓香港耀能協會安定宿舍,荃灣,22.3878459673284,113.977129093216
蝴蝶邨蝶意樓鄰舍輔導會工場(仁德天主教小學側停車場),荃灣,22.3760236089532,113.963491512947
豐安街1號展亮技能發展中心,荃灣,22.3843094323628,113.971921106062
公園南路26號保良局羅氏信託學校,屯門,22.4407665228824,114.017589729338
朗屏邨悅屏樓5-20號基督教懷智服務處朗藝坊,屯門,22.4482779894458,114.022689841101
蝴蝶邨蝶意樓鄰舍輔導會工場(仁德天主教小學側停車場),元朗,22.3760236089532,113.963491512947
屯門青發里8號 琨崙 青玥琳,葵涌,22.366106268245,114.000713032374
深井麗都花園(巴士站),葵涌,22.3668132579401,114.059034234639
青龍頭龍騰路帝華軒(近噴水池),葵涌,22.3626420919873,114.044871216305
錦繡花園荔枝南路149號,葵涌,22.481587017685,114.047749122137
荃威花園F座,葵涌,22.3770432919248,114.102920442912
海濱花園海明閣11座,葵涌,22.3613980803678,114.112871383131
禾輋邨豐禾里2號耀能協會高福耀學校,荃灣,22.3880619400787,114.193646480171
石硤尾南昌街332號賽馬會新生精神康復會工場,沙田,22.3387943641815,114.168218621516
歌和老街53號香港心理衛生會臻和學校,沙田,22.3399607347764,114.168054871166
尖沙咀金巴利道35號金巴利中心領棨學校,東區,22.3009306137333,114.173857265906
上水火車站 (彩園路),元朗,22.5014135712022,114.127464197362
上水祥龍圍邨服務設施大樓仁濟醫院何德心宿舍(入停車場),元朗,22.4947289794845,114.123583847154
青衣青敬路33號盈翠半島(上落客區),荃灣,22.3585156670056,114.107181006185
長安邨安湄樓,葵涌,22.3607659301666,114.105234255033
青泰苑(閘口迴旋處),葵涌,22.3624940566022,114.102011078112
長亨邨亨翠樓(路口),葵涌,22.3537245760401,114.097784294152
長宏邨(入閘迴旋處),葵涌,22.3571097182493,114.096374273119
安達臣道301號靈實恩光學校,沙田,22.3214554498288,114.244014640255
堅尼地城海傍47號南海大廈商場,東區,22.2840128986426,114.130425502945
堅尼地城卑路乍街 西寶城商場,東區,22.2850433212745,114.132524202799
石山街士美菲路市政大廈,東區,22.2818102175804,114.128812322211
鴨利洲邨利澤樓(小巴站),東區,22.2442846788753,114.15005787677
大坑道43號康馨園,東區,22.2759698825675,114.19306276557
蘭杜街(街口),東區,22.2768186139347,114.169178584324
堅尼地城卑路乍街 西寶城商場,灣仔,22.2850433212745,114.132524202799
北角和富道19號保良局余李慕芬學校(入停車場),南區,22.2916892422805,114.195187349634
柴灣興華(一)邨興翠樓(迴旋處),南區,22.2624657061911,114.234911089717
鰂魚涌康怡花園B座,南區,22.2801140962513,114.214926044757
柴灣康翠台1座(近垃圾站),灣仔,22.2663065079995,114.234494414412
工業街24號威信物流中心,觀塘,22.3616178824902,114.134712369775
沙咀道26-38號滙力工業中心,觀塘,22.3739054074054,114.108581025153
荔枝嶺路31號明愛賽馬會荔景中心,荃灣,22.3457368930055,114.131738690038
大圍美田路1號名城3期,深水埗,22.3700202301247,114.1757760231
新田圍邨富圍樓(近的士站),深水埗,22.3699167318393,114.187154397276
馬鞍山西沙路銀湖天峰(地下烏溪沙站交通交匯處),深水埗,22.4283580393093,114.243762321948
秦石邨石瑩樓(的士站),深水埗,22.3731213033502,114.186009571119
水泉澳邨峻泉樓,深水埗,22.3715143566594,114.199602172473
富忠里1號耀能協會賽馬會田綺玲學校,九龍城,22.4568945063632,114.17293747176
梨木樹邨5座,葵涌,22.3790526829252,114.134743807776
禾輋商場(門外復康巴士專用車位),將軍澳,22.3878721818913,114.19500637961
安景街濱景花園(近巴士站),將軍澳,22.3915176774655,114.205766077996
富亨邨(巴士總站OK便利店),沙田,22.4580743225304,114.171245660303
富亨邨亨榮樓(近71K巴士站),沙田,22.4599886668976,114.172658656289
藍田復康徑8號紅十字會雅麗珊學校,九龍城,22.3074345515783,114.230656003018
翠屏道3號基督教家庭迪智展能中心,將軍澳,22.3116795188017,114.2289173688
維景灣畔12座,觀塘,22.3025420991299,114.253156551525
健明邨健華樓,觀塘,22.3064244446926,114.251008993095
觀塘康利道23號南康大廈,將軍澳,22.3185038157938,114.220515794642
歌和老街53號香港心理衛生會臻和學校,九龍城,22.3399607347764,114.168054871166
歌和老街53號香港心理衛生會臻和學校,黃大仙,22.3399607347764,114.168054871166
長沙灣邨服務設施大樓循道衛理楊震晉晴中心(入閘),油尖旺,22.3346969847945,114.156231198175
柯士甸道西1號漾日居7座(平台),深水埗,22.305449760426,114.163093016932
翠屏南邨翠杏樓(消防閘口),黃大仙,22.3123460642954,114.232129571049
大角咀棕樹街2號榮富苑1座,黃大仙,22.3193737288232,114.165507441524
慈雲山雲華街慈愛苑愛慧閣,油尖旺,22.3502905468101,114.19975644326
尖沙咀麼地道77號華懋廣場,黃大仙,22.2999281757368,114.178991486735
何文田常康街51號耀能協會盛康園(閘口),油尖旺,22.3202049408109,114.182679177075
何文田常康街51號耀能協會盛康園(閘口),深水埗,22.3202049408109,114.182679177075
油塘油麗邨碧麗樓,將軍澳,22.3014636542338,114.236670347168
油塘高翔苑高安閣,將軍澳,22.2956999701731,114.240230783058
香港秀茂坪曉光街曉麗苑B座曉星閣,將軍澳,22.3213792,114.2283226
彩雲商場(近巴士分站坪石方向),觀塘,22.3337019506181,114.214766912808
新都城2期(正門),觀塘,22.3233151223369,114.258363958386
尚德邨尚美樓基督教懷智復康中心,觀塘,22.3111220770495,114.256956429368
將軍澳景嶺路都會駅9座,觀塘,22.3047421183649,114.252014951351
煜明苑熹明閣,觀塘,22.3149005795302,114.266945863347
將軍澳唐明苑唐輝閣 (唐德街回旋處過的士站),觀塘,22.307945138425,114.25683387352
香港白田白田街白田邨太田樓,觀塘,22.3356513,114.1671652
彩頤里采頤花園12座,觀塘,22.3367535874803,114.202094346689
石硤尾邨美賢樓,觀塘,22.3337423391638,114.165491171791
牛池灣街彩輝邨(入閘)彩華樓,觀塘,22.3355430072264,114.217930013973
香港魷魚灣貿泰路8號茵怡花園2座,葵涌,22.3220953457952,114.255853090313
葵盛西邨10座新生精神康復會工場,觀塘,22.36005167918,114.122914075675
葵盛圍310號保良局夏利萊博士伉儷復康中心,荃灣,22.3606246094388,114.125004068297
元州邨元康樓基督教懷智服務處(長沙灣道巴士站),荃灣,22.3366975415461,114.154529045308
楊屋道1號荃新天地鄰舍輔導會怡康居(上落貨區),深水埗,22.3694950394267,114.113214343407
大角咀福全街17-19號福康大樓樂悠居復康中心(旺角分院),葵涌,22.3205614621421,114.164985340207
長青邨青槐樓(入閘),葵涌,22.3457463517919,114.108498720091
富昌邨富悅樓,油尖旺,22.3276573591696,114.155516546934
藍田復康徑8號紅十字會雅麗珊學校,西貢,22.3074345515783,114.230656003018
香港晒草灣復康徑8號香港紅十字會雅麗珊郡主學校,西貢,22.3072609194075,114.230769469459
南邊圍路(御花園門口近垃圾站),觀塘,22.3529163911166,114.249032630334
清水灣道397號壁屋監獄已婚職員宿舍F座(入閘),觀塘,22.3392441957534,114.247769317084
對面海康健路285號(迴旋處近對面海公廁),觀塘,22.3769581205835,114.272990904794
西貢對面海邨海泰樓,觀塘,22.3747719556858,114.26915626236
彩虹邨青楊路(屋邨辦事處),西貢,22.3356560788287,114.205903856053
香港牛池灣牛池灣街2號彩輝邨1座彩華樓,西貢,22.335329,114.217847
九龍灣麗晶花園11座,西貢,22.3308956210764,114.20635053545
牛池灣平定道東10號紅十字會瑪嘉烈戴麟趾學校,將軍澳,22.3358516256126,114.212872452501
牛池灣平定道東10號紅十字會瑪嘉烈戴麟趾學校,觀塘,22.3358516256126,114.212872452501
黃大仙睦鄰街8號現崇山(入閘),觀塘,22.3404561872715,114.196803394491
藍田平田邨平仁樓,黃大仙,22.305961056145,114.236527473268
翠屏北邨翠楊樓,黃大仙,22.316891833431,114.230179399042
牛頭角花園大廈畫眉樓,將軍澳,22.3171771514481,114.219222551835
藍田康華苑頌康閣,將軍澳,22.3135657041756,114.23998725195
紅磡祟平街9號建業中心,黃大仙,22.3113293669678,114.190790038259
石蔭商場(童子街小巴站近停車場),葵涌,22.3713326379516,114.138849676614
麗城花園二期商場上落客區,葵涌,22.3715345156261,114.099987153761
青衣長青邨 (青康路閘外小巴站),葵涌,22.34468874779,114.108081692946
青衣邨宜偉樓(青葉街巴士站),葵涌,22.3552373603732,114.103173462112
長康邨康盛樓(涌美路消防閘口),葵涌,22.3506694800847,114.103288141142
青綠街17號青怡花園,葵涌,22.353471637291,114.104877704941
偉景花園(迴旋處),葵涌,22.3565127659174,114.103953586692
何文田常康街51號耀能協會盛康園(閘口),將軍澳,22.3202049408109,114.182679177075
九龍塘牛津道1D號展亮技能發展中心,觀塘,22.3287326259366,114.180324023198
黃大仙下邨龍泰樓耀能協會龍泰宿舍,九龍城,22.3401737256226,114.191524889904
廣明苑廣寧閣,九龍城,22.3119497586518,114.259188105857
興盛路89號啟聾學校,將軍澳,22.3596830175344,114.12540937882
青衣城(落貨區18號升降機位),將軍澳,22.3585741194731,114.107265471658
葵涌醫院A座 - 日間復元中心,青衣,22.3416382759383,114.134580154842
紅磡紅菱街3號東華三院何玉清工場,觀塘,22.3051937972372,114.184098155385
紅磡紅菱街3號東華三院何玉清工場,黃大仙,22.3051937972372,114.184098155385
沙田坳道10號黃大仙紀律部隊宿舍,深水埗,22.3403985402113,114.196318500683
黃大仙上邨耀善樓,深水埗,22.3427654137339,114.191862317492
土瓜灣馬頭涌道93-103號美誠大廈,深水埗,22.3239348973832,114.188248700288
天香街6號永泰大廈(月華街入),黃大仙,22.3135097520263,114.227821070239
將軍澳銀澳路1號新寶城 (近巴士站),黃大仙,22.3143108466077,114.266380213044
貿泰路8號茵怡花園3座,黃大仙,22.3226603251646,114.25597683994
彩福邨彩歡樓,黃大仙,22.3272037926092,114.217850994799
李鄭屋邨道德樓心理衛生會李鄭屋工場,黃大仙,22.3396314422768,114.158737309022
元州邨元康樓基督教懷智服務處(入閘),黃大仙,22.3375174105136,114.154391939781
油塘鯉魚門邨鯉隆樓循道衛理楊震晉朗中心,油尖旺,22.293988923552,114.239381747937
油塘鯉魚門邨鯉隆樓循道衛理楊震晉朗中心,黃大仙,22.293988923552,114.239381747937
香港將軍澳名成街,黃大仙,22.316003,114.264987
唐德街9號將軍澳中心(停車場),黃大仙,22.3075108929355,114.257105995794
牛頭角功樂道 2號賽馬會大樓心理衛生會敦睦軒,黃大仙,22.3175370763783,114.222546615381
將軍澳名成街 (綠色小巴站尾),觀塘,22.3159424266459,114.265011655615
黃大仙悅庭軒 (入停車場),深水埗,22.3416832766837,114.201711385036
何文田邨(入閘後的士站外),深水埗,22.3164055227537,114.182176738683
何文田愛民商場,深水埗,22.311555055515,114.178633571776
大圍翠田街1-3號愉景花園,黃大仙,22.3697821674525,114.184128113443
油麻地澄平街4號駿發花園2期3座心理衛生會展能中心,觀塘,22.3106964858711,114.167869040316
油麻地石壁道4號明愛油麻地服務中心,黃大仙,22.3107804793595,114.17171875273
油麻地澄平街4號駿發花園2期3座心理衛生會展能中心,九龍城,22.3106964858711,114.167869040316
香港李鄭屋發祥街李鄭屋邨道德樓,油尖旺,22.3395277153274,114.158691130579
福塘道4號啟能康復大樓基督教家庭服務中心,深水埗,22.3118059268488,114.228805720773
彩虹邨錦雲樓,將軍澳,22.3368521565974,114.205018834871
啟晴邨欣晴樓,將軍澳,22.3325332138563,114.203391863914
九龍城沐安街回旋處避車處,將軍澳,22.32931966586,114.20165779961
尖沙咀廣東道188號港景峰1座,九龍城,22.3021105388163,114.168082446431
長沙灣深旺道海達邨海昌樓,九龍城,22.3296775677953,114.150661344578
元洲邨元滿樓(東京街巴士站),九龍城,22.3351891816016,114.157844949252
荔景山路278號荔欣苑(迴旋處),九龍城,22.34243280562,114.137233614977
大埔汀角路大美督村口 (垃圾站對面),黃大仙,22.4724305566322,114.232370494933
小瀝源路廣榮里 近黃泥頭公廁,黃大仙,22.3826762085004,114.216079836635
小瀝源路69號帝堡城(正門),黃大仙,22.383654938065,114.215145490841
沙田火炭駿景園3座,黃大仙,22.4006865276689,114.202093829673
啟德沐安街18號啟朗苑,大埔,22.3303727803362,114.200896245282
大圍站(B出口上落客區),大埔,22.3725302244568,114.179478443192
大埔戲院街4-10號明月樓,大埔,22.4486645202191,114.163783698443
巧明街100號安盛金融大樓,沙田,22.3122698761063,114.223106653469
將軍澳政府合署,沙田,22.3048196488232,114.256936958886
新蒲崗大有街萬迪廣場,將軍澳,22.3383179327812,114.19903624205
藍田麗港城第1期第6座,黃大仙,22.3066986571901,114.227154156417
沙浦道83號御豪門(賈炳達道入卸貨區),黃大仙,22.3311319308203,114.192199797571
牛頭角功樂道53號碧麗苑,黃大仙,22.3180368247905,114.219005561821
香港長沙灣長沙灣(深旺道)總站,觀塘,22.330095,114.149674
藍田復康徑8號紅十字會雅麗珊學校,深水埗,22.3074345515783,114.230656003018
鑽石山瓊東街1號瓊軒苑A座,觀塘,22.3411314161805,114.208893530438
新蒲崗越秀廣場,觀塘,22.3339149223098,114.195509048102
新蒲崗爵祿街康景樓,觀塘,22.3350194196614,114.197139005901
橫頭磡東道 (近福德祠),觀塘,22.3414491205266,114.188319509883
黃大仙匯豪山,觀塘,22.3452476897506,114.199084603338
黃大仙竹園南邨富園樓,觀塘,22.3440985859617,114.18987653493
牛頭角道淘大商場(近巴士站),深水埗,22.3245507966026,114.215324920276
紅磡祟平街9號建業中心,觀塘,22.3113293669678,114.190790038259
葵涌醫院A座 - 日間復元中心,深水埗,22.3416382759383,114.134580154842
九龍灣啟業邨啟裕樓(自強協會),葵涌,22.3287263259712,114.210331610734
蘇屋邨茶花樓基督教家庭翠藝中心(佛教大雄中學對面),觀塘,22.3407200561656,114.158442429887
蘇屋邨茶花樓基督教家庭翠藝中心(佛教大雄中學對面),黃大仙,22.3407200561656,114.158442429887
蘇屋邨茶花樓基督教家庭翠藝中心(佛教大雄中學對面),九龍城,22.3407200561656,114.158442429887
長沙灣怡閣苑(巴士站近行人交通燈),深水埗,22.3332084546707,114.159208074499
葵興港鐵站B出口扶康會葵興職業發展中心,荃灣,22.3626627424173,114.131164376381
長安邨安湖樓明愛陳震夏展能中心,葵涌,22.360927641251,114.104320507062
石籬(二)邨石偉樓(石梨街紅色小巴站),青衣,22.3649179301018,114.139371275914
老圍二陂圳路東普陀(近巴士站),葵涌,22.3789484612882,114.127329441301
大窩口大廈街(近德大徑交通燈位),葵涌,22.3691999326619,114.123788763475
大窩口邨富賢樓,荃灣,22.3667611675355,114.122341234593
排頭街1-3號康樂及文化事務署總部,黃大仙,22.3847292685624,114.188607114964
乙明邨明信樓(停車場),深水埗,22.3760374940844,114.190920406839
大圍嘉田苑嘉慧閣,深水埗,22.3604344944471,114.172671640952
碩門邨美碩樓,深水埗,22.3861792057722,114.209457193309
沙田正街11-17號偉華中心(樓下避車處),深水埗,22.3809259620935,114.18728476126
小瀝源路69號帝堡城(正門),深水埗,22.383654938065,114.215145490841
北港路20號漁農自然護理署蕉坑管理站,黃大仙,22.3752531842644,114.261083274305
藍田啟田道71號匡智中心,將軍澳,22.3091606695934,114.234035937855
正德街104號社區中心鄰舍輔導會展能中心,將軍澳,22.3410273873094,114.194035798103
安秀道23號安泰邨服務設施大樓,將軍澳,22.3252464981736,114.231040191223
正德街104號社區中心鄰舍輔導會展能中心,觀塘,22.3410273873094,114.194035798103
油塘邨華塘樓,觀塘,22.2986942845565,114.238002658499
鑽石山星河明居(閘口過避車處),觀塘,22.3410683151834,114.202693678614
香港九龍城福佬村道25號,觀塘,22.3281545182381,114.187543766129
何文田常康街51號耀能協會盛康園(閘口),葵涌,22.3202049408109,114.182679177075
何文田常康街51號耀能協會盛康園(閘口),黃大仙,22.3202049408109,114.182679177075
新蒲崗景福街118號景泰苑,沙田,22.3350605677416,114.200467254182
豐盛街2號富山邨(油站對面),黃大仙,22.3430393825201,114.208437057105
深水埗南昌邨(昌新里小巴站),觀塘,22.3267676429727,114.158409376601
香港九龍灣啟成街3號機電工程署總部大樓停車場,九龍城,22.325911,114.203512
香港海濱道77號,觀塘,22.3165327,114.2132025
觀塘巧明街98號 The Millennity 停車場B1上落貨區,九龍城,22.3131047937896,114.220666310619
碧翠路33號保良局永隆銀行金禧庇護工場,觀塘,22.3376633646464,114.248408723397
碧翠路33號保良局永隆銀行金禧庇護工場,黃大仙,22.3376633646464,114.248408723397
安達臣道301號靈實恩光學校,西貢,22.3214554498288,114.244014640255
瀝源邨榮瑞樓唐氏綜合症協會卓業中心,油尖旺,22.3852687392622,114.191284794365
親民街16號西貢花園2座(近麥當勞),將軍澳,22.3824951713822,114.271861272452
橫頭磡邨宏暉樓(富美街入消防閘口),觀塘,22.3409874870021,114.186991614777
馬鞍山海柏花園(的士站),觀塘,22.425840317323,114.230922450144
九龍塘聯福道34號永隆銀行商學大樓,大埔,22.3376809291281,114.181856192049
南昌街248號賽馬會盲人中心(大坑西街停車場口),大埔,22.3342569030873,114.168467364916
仁濟街18號仁濟醫院綜合⼤樓,葵涌,22.3698012362877,114.119395868524
橫頭磡富強苑富和閣(富強街入消防閘),將軍澳,22.3400322779533,114.185206265221
黃大仙睦鄰街8號現崇山(入閘),將軍澳,22.3404561872715,114.196803394491
八號花園,深水埗,22.4525224896347,114.166749765981
汀角路19號省躬草堂,九龍城,22.452714423651,114.165187015206
土瓜灣馬頭角道33號欣榮花園匡智工場,黃大仙,22.321687927997,114.18946780588
黃大仙東頭邨富東樓,九龍城,22.3362941070116,114.19338741154
將軍澳翠林邨欣林樓(入閘近垃圾站),黃大仙,22.3232135713652,114.248834317818
景嶺路都會駅8座,黃大仙,22.3048725141327,114.251656573388
將軍澳寶盈花園1座,黃大仙,22.3067646560739,114.26224166451
黃大仙下邨龍禧樓鄰舍輔導會展能中心,觀塘,22.3390991985656,114.19265702573
翠屏南邨翠桐樓保良局八八觀塘工場,黃大仙,22.3126002325074,114.233797328212
利安道32號順利紀律部隊宿舍,黃大仙,22.3322490087647,114.221968607587
何文田常盛街28號皓畋(陳瑞祺喇沙小學對面),深水埗,22.3186000568806,114.181432972817
何文田邨景文樓,深水埗,22.3180915429257,114.180709344994
常盛街80號半山壹號9座,深水埗,22.3193548802512,114.185467235875
何文田 瑜一第5A座,深水埗,22.3092834125692,114.182233657266
橫頭磡邨宏德樓(卸貨區上落),觀塘,22.3395247671213,114.188632273065
將軍澳旭輝臺 (屋苑外大閘),觀塘,22.3236958578369,114.254624759186
翠琳路景明苑曦景閣,觀塘,22.3235033703186,114.249316654484
維景灣畔1座,觀塘,22.3015786763492,114.253781351896
將軍澳明德邨培成里(培成路右轉閘口迴旋處),觀塘,22.3165867821516,114.267844414555
馬鞍山恆安邨恆江樓救世軍工場,北區,22.4170196779085,114.229830151877
新翠邨新芳樓賽馬會匡智工場,北區,22.3712104827426,114.182084992603
梨木樹邨柏樹樓,沙田,22.378640475987,114.134634896694
葵涌裕林工業大廈,沙田,22.3595446900631,114.131385028264
薄扶林道131號（心光學校）,深水埗,22.2669638153015,114.131786989264
薄扶林道131號（心光恩望學校）,深水埗,22.2666677548545,114.132209053304
堅尼地道100號聖雅各賽馬會力行工場,深水埗,22.2726781131103,114.173695109941
小西灣道28號藍灣半島(上落客區),南區,22.266181122715,114.250727998693
柴灣新翠花園(吉勝街渣打銀行門口),南區,22.2643252873591,114.236903749227
柴灣翠灣街18號已婚警察宿舍(入閘),南區,22.2667479543217,114.239851421194
小西灣道9號富欣花園(入閘),南區,22.2651761381424,114.249052537979
鰂魚涌康山花園5座,南區,22.2854744942671,114.216351379654
翠樂邨翠祿樓,南區,22.2676525469442,114.240518972325
上環皇后街仁濟醫院晴晞閣(近高陞街口),東區,22.287070404981,114.146756509075
黃竹坑業興街11號B座南匯廣場,東區,22.2492094157958,114.165024804836
大口環道15-17號紅十字會甘迺迪中心,觀塘,22.2709138981953,114.124416113912
高街2號西營盤社區大樓,南區,22.284941714479,114.144061584
西半山列堤頓道48號俊傑花園,將軍澳,22.2836168526461,114.141688194702
北角寶馬山道賽西湖大廈5座,將軍澳,22.2860196043488,114.202130177607
藍田鯉魚門道鯉安苑B座鯉逸閣,將軍澳,22.3092364071661,114.232129293711
順利邨(利安道巴士總站),南區,22.3314049607602,114.226449019406
和康徑1號秀茂坪紀律部隊宿舍(停車場),中西區,22.32125822581,114.224751426546
藍田復康徑7號藍田綜合中心,沙田,22.3080382817291,114.23042037906
筲箕灣東欣苑歡欣閣,觀塘,22.2806185521272,114.221410046412
將軍澳工業邨駿才街77號電視廣播城,觀塘,22.2797778042291,114.272310207271
北角渣華道333號政府合署,將軍澳,22.2921624228687,114.208256882562
何文田邨適文樓,將軍澳,22.3147113505901,114.183016237532
何文田忠孝街欣圖軒 (近巴士站),將軍澳,22.3158267120949,114.180440519236
黃埔花園第四期(德豐街享膳坊近停車場出口),將軍澳,22.3030860216773,114.190345455632
黃埔花園聚寶坊 德安街避車處,油尖旺,22.3051174967084,114.189427834015
紅磡紅樂道9號善匯,油尖旺,22.3025575978074,114.185477210195
牛頭角彩興路簡約公屋,油尖旺,22.3313784058777,114.216885780353
樂富邨樂民樓(入閘),油尖旺,22.3365780162184,114.186826610026
皇后大道東213號胡忠大廈(近巴士站),青衣,22.2745570577857,114.172685946737
上環必列者士街51號中華基督教必愛之家工場,黃大仙,22.2838776695374,114.149481556306
上環必列者士街51號中華基督教必愛之家工場,灣仔,22.2838776695374,114.149481556306
柯士甸道西1號漾日居1座(卸貨區),南區,22.3045184213848,114.162850057523
唐俊街21號海翩匯2座,南區,22.3035380390294,114.262554988884
紅磡邨紅暉樓(迴旋處),南區,22.3075321851671,114.188650986292
油麻地彌敦道440號澤豐大廈,南區,22.3099329297741,114.171407892393
牛頭角彩興路簡約公屋,南區,22.3313784058777,114.216885780353
唐德街9號將軍澳中心 (B1停車場玻璃門 ),南區,22.3075084999944,114.257058357919
香港長沙灣英華街,屯門,22.3302952,114.1531322
旺角彌敦道700號,屯門,22.3205568040486,114.16952849792
旺角太子道西193號新世紀廣場（上落客區）,深水埗,22.3232733927233,114.172197475126
紅磡黃埔花園明愛樂然展能中心(德定街小巴總站),油尖旺,22.3047972623069,114.190699873669
柴灣樂民道3號東區醫院(樂民居),葵涌,22.2696275404898,114.237712024744
筲箕灣東濤苑旭濤閣,觀塘,22.2818624909702,114.225406332319
天馬苑駿康閣(入閘),東區,22.3434583555233,114.187323972103
藍田麗港城34座,東區,22.3051430444972,114.228625766255
大口環道15-17號紅十字會甘迺迪中心,油尖旺,22.2709138981953,114.124416113912
大口環道15-17號紅十字會甘迺迪中心,九龍城,22.2709138981953,114.124416113912
薄扶林道147號(展亮技能發展中心),中西區,22.2602417730119,114.135957550651
柴灣道233號新翠花園6座利民會工場,南區,22.2639833704893,114.236609807734
石圍角邨石芳樓仁濟醫院盧李佩貞工場,南區,22.3745413868958,114.124062087162
馬閃排路海壩村東北臺9號(對出停車場),南區,22.3773426079887,114.122548300319
葵涌邨芷葵樓(天橋底),南區,22.3675972592499,114.126779319863
葵涌大廈街 (近仁雅大廈),南區,22.3686664942491,114.123202323457
厚德邨德澤樓,葵涌,22.318613951118,114.263651155467
富麗花園1座,青衣,22.3240064448862,114.254549580648
將軍澳日出康城首都2座,九龍城,22.2960616752213,114.270894487978
薄扶林道131號（心光學校）,將軍澳,22.2669638153015,114.131786989264
紅磡黃埔花園2期錦桃苑第14座(近郵局),南區,22.3048502338148,114.18994006827
將軍澳翠林邨安林樓(閘口),南區,22.3238221509486,114.248803017228
寶林邨寶德樓,南區,22.3263141075024,114.255295817621
將軍澳新都城1 期(停車場入口旁),南區,22.3215707046267,114.25713372837
薄扶林道131號（心光恩望學校）,觀塘,22.2666677548545,114.132209053304
薄扶林道131號（心光幼兒中心）,觀塘,22.2670041872954,114.1318223853
海怡半島四期  (鴨脷洲橋道近巴士站),觀塘,22.2439224115254,114.149833607737
薄扶林道147號(展亮技能發展中心),灣仔,22.2602417730119,114.135957550651
香港西環龍華街觀龍樓B座,中西區,22.280269,114.1284681
將軍澳日出康城9期OCEAN MARINI,東區,22.2946178139022,114.268729771367
黃大仙中心北館（停車場落客區）,沙田,22.3427567681724,114.190501442282
石硤尾邨美山樓保良局服務中心,九龍城,22.3320977574593,114.165573715176
西灣河鯉景道51號明愛樂義學校,九龍城,22.2864683794458,114.222389153166
安秀道23號安泰邨服務設施大樓,東區,22.3252464981736,114.231040191223
貝沙灣道38號南岸7座,中西區,22.2562687285804,114.131820850708
海怡半島怡南路28號28座御意居,中西區,22.2429775054707,114.15054195526
鰂魚涌南豐新邨11座,南區,22.2823703693646,114.214376247316
北角英皇道26-36號興漢大廈(避車處),南區,22.2835013139408,114.192746472942
鴨脷洲西邨利澤樓,灣仔,22.2445088501072,114.150164198709
將軍澳彩明苑(近彩明街巴士站),觀塘,22.3066797600127,114.253812623996
黃大仙下邨龍華樓,觀塘,22.3386639635235,114.194771471134
香港馬仔坑竹園道天宏苑：C座（宏美閣）,觀塘,22.3440208,114.1866883
薄扶林道131號（心光學校）,黃大仙,22.2669638153015,114.131786989264
薄扶林道131號（心光幼兒中心）,九龍城,22.2670041872954,114.1318223853
薄扶林道131號（心光恩望學校）（恩望平台）,灣仔,22.2668421342708,114.132194278594
藍田復康徑7號藍田綜合中心,南區,22.3080382817291,114.23042037906
香港馬頭涌宋皇臺道38號傲雲峰5座,九龍城,22.3235485435291,114.190606065094
啟晴邨樂晴樓,南區,22.3320584431915,114.203416626392
慈雲山慈正邨慈正商場,南區,22.3507462143676,114.20169372936
彩頤里采頤花園(閘口),南區,22.3373451817038,114.201975273371
啟德沐翠街3號煥然壹居,南區,22.3312736820756,114.202442671954
太子道西太子閣二期 (過停車場口),南區,22.325750091681,114.179518031148
石硤尾南昌街332號賽馬會新生精神康復會工場,青衣,22.3387943641815,114.168218621516
橫頭磡邨宏亮樓賽馬會方心淑引導式教育中心(消防閘外),油尖旺,22.341218572631,114.18808064084
油麻地窩打老道54號 循道衛理楊震社會服務處,深水埗,22.314185016241,114.172631931042
橫頭磡邨宏亮樓賽馬會方心淑引導式教育中心(消防閘外),深水埗,22.341218572631,114.18808064084
黃大仙天宏苑宏美閣,觀塘,22.344036116434,114.186633812998
荔枝角道 608 號麗翠苑 (惠康前),黃大仙,22.3332936207354,114.155034453066
大角咀深旺道君匯港,黃大仙,22.3215488410705,114.159222961819
青衣長康邨康榮樓,深水埗,22.3494648491114,114.105667003398
大角咀福全街福康大樓,深水埗,22.3206310454203,114.164816226465
旺角登打士街1號智選假日酒店,深水埗,22.3149430464249,114.167319575005
黃大仙悅庭軒 (入停車場),九龍城,22.3416832766837,114.201711385036
九龍城亞皆老街173號A-F芝蘭苑,觀塘,22.3267320013357,114.188640798093
安秀道23號安泰邨服務設施大樓,深水埗,22.3252464981736,114.231040191223
牛頭角海濱道宏利大樓,將軍澳,22.3158653752826,114.214109152507
九龍灣臨華街南豐商業中心 (後門),觀塘,22.3229329110196,114.207771350708
深水埗置輝閣 (大埔道31-35號),將軍澳,22.3298811328202,114.16610183383
富昌邨富旺樓,觀塘,22.3292458582192,114.154828972683
荔枝嶺路31號明愛賽馬會荔景中心,東區,22.3457368930055,114.131738690038
沙田中文大學康本國際學術園,黃大仙,22.4164802461145,114.211199704123
華貴邨東華三院莫羅瑞華復康中心,中西區,22.2500808928871,114.137973599442
銅鑼灣禮頓道37號崇蘭大廈,東區,22.2773081053613,114.182318131521
西營盤高街69號賢德大廈,南區,22.2852756980562,114.141745209345
北角百福道丹拿山循道學校外 (巴士站對面),中西區,22.2908945008893,114.205148503139
南昌街248號賽馬會盲人中心(大坑西街停車場口),元朗,22.3342569030873,114.168467364916
長沙灣麗閣邨麗籮樓,元朗,22.332142970427,114.157334068738
禾輋邨豐禾里2號耀能協會高福耀學校,屯門,22.3880619400787,114.193646480171
源禾路21號香港專業教育學院,屯門,22.3902075255876,114.198217822211
和田邨(閘內),元朗,22.4147011078035,113.968586781654
菁田邨菁心樓,元朗,22.4115741774018,113.971610368255
屯富路15號紀律部隊宿舍,元朗,22.4092707023815,113.980050375878
屯門屯子圍涼亭,元朗,22.4204003892559,113.980349327675
上水太平邨平治樓匡智中心,元朗,22.4983155452065,114.126215744769
香港天水圍天壇街21號,屯門,22.4611084,113.9950875
天水圍天悅邨悅泰樓(近郵局),屯門,22.4626571203697,113.998872983978
天水圍天恩邨恩翠樓,屯門,22.4644522226582,113.996418801235
天水圍天恩邨恩樂樓,屯門,22.4629695149938,113.996168063674
天水圍天華邨(閘口迴旋處),屯門,22.4599342875696,113.995521642706
天水圍嘉湖山莊翠湖居6座,屯門,22.4587063081225,113.999573473135
天水圍天晴邨晴喜樓,屯門,22.4638784031338,114.004963970275
恆貴街8號基督教服務處培愛學校,元朗,22.3823515244668,113.973890357127
洪水橋洪福邨服務設施大樓(近巴士站),屯門,22.437374963229,113.998766233547
朗日路9號GRAND YOHO 3座,屯門,22.445562671187,114.037417954393
天水圍天盛苑盛譽閣,屯門,22.4482962970761,114.00149137931
天水圍屏欣苑 (橋發街出入口避車處),屯門,22.4449665042,114.004170511255
元朗朗庭園1座,屯門,22.4447215069906,114.017930662354
藍地(巴士站屯門方向),元朗,22.4179153442211,113.982139628375
新福路33號新生農場,元朗,22.410065024971,113.97162711103
青山公路201號竹園神召會康樂工場,元朗,22.3988168628371,113.977088778088
湖景邨湖光樓鄰舍輔導會康復中心,元朗,22.3748653923515,113.964845276919
葵涌邨雅葵樓(上角街迴旋處),元朗,22.3690789674732,114.127037222295
楊屋道1號荃新天地鄰舍輔導會怡康居(上落貨區),屯門,22.3694950394267,114.113214343407
青山公路644號翠濤閣2座,屯門,22.3704999531762,114.09840955958
梨木樹邨松樹樓,屯門,22.3792735162164,114.13563573261
天水圍天晴邨晴滿樓,深水埗,22.4641965013439,114.004856438132
天水圍天耀(二)邨耀昌樓(迴旋處),深水埗,22.4516220538307,114.002917859032
藍田德田邨德盛樓耀能協會德田工場,沙田,22.3073859320734,114.239077121155
馬鞍山彩沙街1號星漣海,觀塘,22.432840082296,114.242453924966
沙田正街3-9號希爾頓中心(近巴士站),觀塘,22.3796995634793,114.187118498373
"馬鞍山錦英苑B座錦佳閣(入邨入閘,AB座中間)",觀塘,22.4230656981601,114.237906014194
大圍站(B出口上落客區),觀塘,22.3725302244568,114.179478443192
沙田廣源邨廣榕樓,觀塘,22.381127379346,114.214292174611
粉嶺名都怡景閣 (新運路近巴士站),沙田,22.4927392409725,114.139673792798
上水清濤苑入閘（卸貨區）,沙田,22.4953718489693,114.128789811765
上水彩園邨彩湖樓,沙田,22.5005839066524,114.125530752932
新運路粉嶺中心(近巴士站),沙田,22.4908884516097,114.142455229064
上水智順里順欣花園,沙田,22.5013795221417,114.132354439582
天水圍天耀邨耀民樓耀能協會天耀工場,屯門,22.4503067538564,114.003433879632
天水圍天澤邨服務設施綜合大樓,屯門,22.467032313702,113.997509317607
天水圍天瑞邨瑞財樓(消防閘口),屯門,22.4562908015415,113.997745009688
屯門大興花園二期3座,元朗,22.399777902533,113.971152401983
天水圍天壇街17號明愛樂勤學校,元朗,22.4592420001984,113.995621668026
大興邨興輝樓,屯門,22.4033926755914,113.971654669218
兆康苑(兆康苑巴士總站),屯門,22.4142321089057,113.978538931006
屯貴路9號富泰邨(迴旋處),屯門,22.4130123084716,113.984028228923
錦田泰康圍(錦田街市對面巴士站),屯門,22.4399223920827,114.065099460961
錦上路博愛江夏圍村,屯門,22.4335044017306,114.071416531261
葵合街22號耀能協會羅怡基學校,荃灣,22.365822220536,114.129328069516
青芊街2號保良局陳百強伉儷青衣學校,葵涌,22.3484302958043,114.10309386901
公園南路26號保良局羅氏信託學校,葵涌,22.4407665228824,114.017589729338
龍逸邨健龍樓,沙田,22.3866553561057,113.967410391487
豐安街翠寧花園(入閘),沙田,22.3845524723998,113.973979226562
天水圍天華邨華萃樓,屯門,22.4598375728152,113.99551237818
天水圍天逸邨逸江樓,屯門,22.466731759006,113.999747454057
禾輋邨民和樓香港耀能協會禾輋工場,北區,22.3896818562553,114.195226190129
禾輋邨民和樓香港耀能協會禾輋工場,大埔,22.3896818562553,114.195226190129
東涌映灣園商場(住客上落位),葵涌,22.2921648980875,113.949229460398
東涌藍天海岸5座,青衣,22.2911568367024,113.945111709019
安蔭邨豐蔭樓,青衣,22.3690461177867,114.141987182972
東涌逸東邨救世軍林拔中紀念學校,青衣,22.2816124430856,113.937493364675
東涌逸東邨清逸樓,葵涌,22.280993937704,113.937281024002
東涌迎東邨迎福樓,葵涌,22.2962940916137,113.953479496224
東涌滿東邨滿和樓(迴旋處),葵涌,22.2774923289214,113.932685193885
東涌逸東邨舟逸樓,葵涌,22.2810035252645,113.936142898955
朗屏邨(O.K.便利店),元朗,22.4509127032683,114.023471454979
欣田邨(近青麟路巴士站),元朗,22.4146934114742,113.976631395912
水邊圍邨康水樓(O.K.便利店),元朗,22.4460789091863,114.021232012894
秀茂坪曉光街26號曉光護老中心,黃大仙,22.3178540300396,114.230836321406
竹園南邨華園樓(入閘後左邊第一個路口),沙田,22.344518487107,114.191658397999
牛池灣威豪花園1座(安定道入閘，客通知管理處開閘，如垃圾房上落需提早通知車長),沙田,22.3369691626424,114.208336764375
葵合街22號耀能協會羅怡基學校,離島,22.365822220536,114.129328069516
葵盛西邨10座新生精神康復會工場,離島,22.36005167918,114.122914075675
青芊街2號保良局陳百強伉儷青衣學校,離島,22.3484302958043,114.10309386901
荔景山路200號救世軍荔景院,離島,22.3450479206061,114.127917588699
葵合街22號耀能協會羅怡基學校,青衣,22.365822220536,114.129328069516
土瓜灣美景街124號偉恒昌新邨,觀塘,22.3177456404828,114.192203235102
荃灣荃新天地 (楊屋道復康車位),觀塘,22.3693458766635,114.113271107237
海麗邨海智樓,油尖旺,22.3313742158177,114.146700844197
大興邨鄰舍輔導會大興宿舍(興昌樓路口),元朗,22.4019214314315,113.969209542213
安寧路欣康樓盲人輔導會欣悅軒(巴士站),屯門,22.4458726990161,114.022348698922
錦田錦匯路18號恒莆新苑,屯門,22.4355097564265,114.066273124305
瀝源邨榮瑞樓唐氏綜合症協會卓業中心,大埔,22.3852687392622,114.191284794365
大圍悠定街7號保良局李兆忠紀念復康中心,大埔,22.3731835358651,114.17144874889
上水彩園邨(入閘後靠左近路口),沙田,22.5008649550067,114.127036834247
麗坪路33號玖瓏山(入閘近邨巴站),大埔,22.4128169340158,114.200111006589
大圍美田路1號名城(入閘第2個迴旋處),大埔,22.3701902719164,114.175461528562
香港馬鞍山頌安商場,大埔,22.422490394695,114.226786126365
馬鞍山富寶花園11座,大埔,22.4241648975222,114.23686482088
馬鞍山利安邨利豐樓,大埔,22.4249268460408,114.241118217688
碩門邨健碩樓 (安明街避車處),大埔,22.3870266205802,114.208847778552
沙田威爾斯親王醫院 舊翼日間創傷大樓二樓平台,大埔,22.379335397386,114.201824693332
歌和老街53號香港心理衛生會臻和學校,屯門,22.3399607347764,114.168054871166
歌和老街53號香港心理衛生會臻和學校,葵涌,22.3399607347764,114.168054871166
黃大仙中心北館（停車場落客區）,九龍城,22.3427567681724,114.190501442282
兆麟苑(兆麟街入閘迴旋處),深水埗,22.3843808161942,113.976488039541
橫頭磡邨宏亮樓賽馬會方心淑引導式教育中心(消防閘外),大埔,22.341218572631,114.18808064084
橫頭磡邨宏亮樓賽馬會方心淑引導式教育中心(消防閘外),沙田,22.341218572631,114.18808064084
香港橫頭磡富美街17號橫頭磡邨宏亮樓,黃大仙,22.3413822830786,114.187760509693
何文田巴富街5號宜富閣(登巴道上落),深水埗,22.3211511199826,114.179517049089
橫頭磡邨宏偉樓,深水埗,22.3410132681895,114.186339761322
牛頭角彩霞邨彩日樓(消防閘口),深水埗,22.326344232365,114.217198693524
黃大仙下邨龍福樓,深水埗,22.3397685140335,114.191553679159
牛頭角上邨常榮樓(入閘),九龍城,22.3194180664513,114.21667683058
藍田康華苑怡康閣,黃大仙,22.3139294220918,114.240194473893
牛頭角彩德邨彩德商場 (停車場),九龍城,22.3296315917679,114.213425555214
山景邨社康大樓匡智中心,元朗,22.3985762442479,113.966972177849
安定邨定泰樓香港耀能協會安定宿舍,元朗,22.3878459673284,113.977129093216
屯門業旺邨業德樓,屯門,22.388409780056,113.969771907571
錦上路元崗村牌坊 (近巴士站),屯門,22.4241634069302,114.077601052578
良德街3號豐連,元朗,22.4092923369435,113.967936189109
九龍灣大業里11號水務署九龍東區大樓,北區,22.3181876052883,114.213271351427
長沙灣長順街11號長城工廠大廈,觀塘,22.3362725774383,114.147932388228
禾輋邨民和樓香港耀能協會禾輋工場,黃大仙,22.3896818562553,114.195226190129
藍田廣田邨廣軒樓,九龍城,22.3031478470623,114.239670758835
華明路華明邨康明樓(近巴士站),觀塘,22.4835942837901,114.139473822566
薄扶林道131號（心光學校）,元朗,22.2669638153015,114.131786989264
薄扶林道131號（心光學校）,大埔,22.2669638153015,114.131786989264
薄扶林道131號（心光恩望學校）,大埔,22.2666677548545,114.132209053304
偉業街223號宏利金融中心,南區,22.3077015696366,114.224075230918
鳳園路9號嵐山2座(入閘),南區,22.4642118173129,114.180096826168
古洞路白石凹交匯處(近巴士站),南區,22.5040066287493,114.085513836021
大埔明雅苑B座明欣閣,南區,22.4518387619486,114.175273853871
西九龍法院大樓,九龍城,22.3314008243019,114.153231382633
香港牛池灣平定道東瑪嘉烈戴麟趾紅十字會學校,黃大仙,22.335789,114.21284
何文田常盛街39號東華三院黃祖棠社會服務大樓,黃大仙,22.3200162864691,114.181947674526
北角屈臣道15號維多利中心,灣仔,22.2873500849998,114.190410411037
香港仔大道225號福群大樓,南區,22.248199780479,114.152877705271
葵興路100號葵涌中心,中西區,22.3638164927726,114.131660840037
杏花邨郵政局,葵涌,22.2786752717593,114.238627369811
金鐘添美道2號政府總部東座,葵涌,22.2810579568317,114.165816643634
紅磡愛景街海濱南岸(閘口),觀塘,22.3024913427465,114.187311709815
何文田亞皆老街204號君柏,觀塘,22.3245966903454,114.185832817052
紅磡紅樂道過渡性房屋「善匯」(避車處),觀塘,22.3022567949381,114.185608859586
牛頭角道183號牛頭角街市(天橋底),觀塘,22.3214148500723,114.216284710766
富豪花園(的士站),東區,22.3854773848003,114.199244723078
中環下亞厘畢道18號律政中心(西座入閘),荃灣,22.279169437949,114.158786175619
北角渣華道333號政府合署,荃灣,22.2921624228687,114.208256882562
中環下亞厘畢道18號律政中心(入閘),觀塘,22.2792192891203,114.158606041801
荔崗街11號浩景台6座,深水埗,22.3496782422259,114.130154951965
黃大仙下邨龍福樓,九龍城,22.3397685140335,114.191553679159
薄扶林道131號（心光學校）,葵涌,22.2669638153015,114.131786989264
薄扶林道131號（心光幼兒中心）,葵涌,22.2670041872954,114.1318223853
薄扶林道131號（心光學校）,荃灣,22.2669638153015,114.131786989264
達之路香港城市大學,南區,22.3372458830647,114.172865119396
漆咸道南11-15號余仁生中心(余仁生門外),深水埗,22.2968272561401,114.175153637253
香港深水埗荔枝角道420號麗安邨1座麗德樓,深水埗,22.3310704,114.1581017
黃大仙下邨龍裕樓(閘口),九龍城,22.3398369198445,114.195540570644
梨木樹邨5座,東區,22.3790526829252,114.134743807776
青山公路123號紅棉大廈,中西區,22.3709412910016,114.11966554897
青衣盈翠半島6座,灣仔,22.3584184705161,114.107339231196
薄扶林道131號（心光學校）,沙田,22.2669638153015,114.131786989264
薄扶林道131號（心光恩望學校）,沙田,22.2666677548545,114.132209053304
大口環道15-17號紅十字會甘迺迪中心,沙田,22.2709138981953,114.124416113912
坑口名成街(連成街商場玻璃門),觀塘,22.3161362602177,114.26509696089
順利邨順景街(停車場口),觀塘,22.3301567930361,114.226760995298
尚德邨(停車場出口),觀塘,22.3116806864793,114.260168528824
富昌邨富韻樓,觀塘,22.3286268726475,114.155412822929
油塘高俊苑(入閘OK便利店),中西區,22.2983512634571,114.242309358905
香港沙灣大口環道15-17號香港紅十字會甘迺迪中心,南區,22.271274,114.12438
薄扶林道131號（心光幼兒中心）,油尖旺,22.2670041872954,114.1318223853
海達邨海盛樓,灣仔,22.3300038381758,114.150669901693
富昌邨富悅樓,南區,22.3276573591696,114.155516546934
海麗邨(深旺道巴士站),南區,22.3324013856421,114.147645047322
長沙灣荔盈街海盈邨盈昌樓,南區,22.3282556578082,114.148431965783
荔枝角道泓景臺,南區,22.3348884818763,114.147718048832
小西灣邨瑞福樓,觀塘,22.2616704256588,114.249378927155
鴨脷洲西邨利澤樓,觀塘,22.2445088501072,114.150164198709
九龍灣偉業街德福花園C1座(乘客上落區),東區,22.3217581689574,114.212922433423
九龍塘牛津道1D號展亮技能發展中心,東區,22.3287326259366,114.180324023198
小瀝源路69號帝堡城(正門),南區,22.383654938065,114.215145490841
新田圍邨裕圍樓(入閘近冬菇亭),南區,22.3693591480889,114.186927816148
碩門邨新碩樓,南區,22.3861820141408,114.209321313571
馬鞍山耀安邨耀平樓,南區,22.4188412565325,114.230139159019
大圍名城車公廟路近一座(避車處),南區,22.3697459667902,114.175436766949
秦石邨石瑩樓 (沙田頭路避車處),南區,22.3730612905227,114.185713189982
軒尼詩道130號修頓中心 (過港鐵B1出口),屯門,22.2772603247811,114.172464445042
遮打道皇后像廣場(近巴士站尾),屯門,22.281553795956,114.160292049498
安達臣道301號靈實恩光學校,中西區,22.3214554498288,114.244014640255
安達臣道301號靈實恩光學校,東區,22.3214554498288,114.244014640255
觀塘游泳池（鯉魚門道入閘）,將軍澳,22.3105937031293,114.229499906532
柴灣峰華邨曉峰樓,灣仔,22.2608338066105,114.231940524311
小西灣富怡花園 (富怡道近巴士站),灣仔,22.2646137456291,114.249157298421
筲箕灣耀東邨耀輝樓(入閘),灣仔,22.2770257047425,114.225710414301
小西灣道28號藍灣半島(近的士站),灣仔,22.2662294623323,114.251278993846
灣仔堅拿道西21號 (過巴士站),東區,22.2772146825857,114.180862594635
兆安苑(入閘),中西區,22.3890523820071,113.976540497841
屯門欣寶路 8 號 Novo Land,灣仔,22.4118001023785,113.970849139696
薄扶林道131號（心光學校）,離島,22.2669638153015,114.131786989264
薄扶林道131號（心光恩望學校）,油尖旺,22.2666677548545,114.132209053304
西灣河鯉景道51號明愛樂義學校,南區,22.2864683794458,114.222389153166
西灣河鯉景道51號明愛樂義學校,中西區,22.2864683794458,114.222389153166
東涌美東街2號東堤灣畔6座,南區,22.289046499744,113.939428935545
大角咀晏架街65號 海康大廈一座,南區,22.3200722655419,114.16361459039
大角咀海輝道10號瓏璽2座,南區,22.3184685239839,114.156069711993
藍田復康徑7號藍田綜合中心,荃灣,22.3080382817291,114.23042037906
南昌街248號賽馬會盲人中心(大坑西街停車場口),觀塘,22.3342569030873,114.168467364916
九龍灣偉業街德福花園C1座(乘客上落區),深水埗,22.3217581689574,114.212922433423
翠屏南邨翠杏樓(消防閘口),深水埗,22.3123460642954,114.232129571049
屯門三聖邨滿漁樓,油尖旺,22.3811384882752,113.978774554149
屯門富泰邨秀泰樓,荃灣,22.4130463914332,113.983181698581
水泉澳邨明泉樓匡智中心(停車場),北區,22.3744457162465,114.198263900373
歌和老街53號香港心理衛生會臻和學校,大埔,22.3399607347764,114.168054871166
大埔頭嘉敬里(近停車場),沙田,22.4553080918636,114.158784551392
廣福邨廣智樓,沙田,22.448940815271,114.173101189123
太和邨居和樓,沙田,22.4502495096727,114.16261618036
富善邨善翠樓,沙田,22.4542338464127,114.176022765427
大埔頭華樂豪庭52座,沙田,22.4554796965236,114.155286282968
運頭塘邨(南運路巴士站),沙田,22.4433162112594,114.168692210658
鳳園路9號嵐山9座(入閘),沙田,22.4663109117911,114.179692933209
露屏路10號香港教育大學,屯門,22.4677560522465,114.193614228339
安達臣道301號靈實恩光學校,大埔,22.3214554498288,114.244014640255
牛池灣平定道東10號紅十字會瑪嘉烈戴麟趾學校,沙田,22.3358516256126,114.212872452501
新蒲崗大有街萬迪廣場,沙田,22.3383179327812,114.19903624205
大圍站(B出口上落客區),黃大仙,22.3725302244568,114.179478443192
沙田安睦街聖雅各福群會曉明居,將軍澳,22.3854574837608,114.210066982549
鳳園路9號嵐山6座(入閘),將軍澳,22.4648326716397,114.179824284069
沙田安睦街聖雅各福群會曉明居,黃大仙,22.3854574837608,114.210066982549
"香港大埔滘 Hung Lam Rd, 滌濤山5座",黃大仙,22.4356454,114.1845519
粉嶺皇后山邨皇盛樓(入閘),大埔,22.5042355421713,114.157654965489
屯子圍256-256A忠義堂(避車位),大埔,22.4210768392056,113.979630075819
瀝源邨榮瑞樓唐氏綜合症協會卓業中心,北區,22.3852687392622,114.191284794365
大埔汀角路19號富善花園2座,深水埗,22.4525320525012,114.164825714159
青松觀路10號鄰舍輔導會怡逸居,北區,22.4085072152203,113.971305730374
粉嶺靈山路23號匡智粉嶺綜合復康中心,屯門,22.5000677973979,114.136999148018
天水圍 上璋圍 (聚星樓),屯門,22.4482185242021,114.006588653524
上水祥龍圍邨服務設施大樓仁濟醫院何德心宿舍(入停車場),屯門,22.4947289794845,114.123583847154
香港理工大學文康大樓S座,東區,22.304450926769,114.17959876698
薄扶林道131號（心光學校）（恩望平台）,九龍城,22.2670062113718,114.132168228478
薄扶林道131號（心光恩望學校）（恩望平台）,九龍城,22.2668421342708,114.132194278594
高街2號西營盤社區大樓,東區,22.284941714479,114.144061584
富昌邨富誠樓,葵涌,22.3293839650005,114.154624684407
香港觀塘月華街和樂邨居安樓,葵涌,22.3162669,114.228042
東涌松滿路滿東邨 (入閘迴旋處),元朗,22.2773498881419,113.931773378602
馬灣路迴旋處 (近巴士站),屯門,22.3495228155712,114.060765417623
東涌道滿樂坊 (近巴士站),屯門,22.2772389172026,113.933496380313
石硤尾邨美山樓保良局服務中心,油尖旺,22.3320977574593,114.165573715176
大角咀大全街大同新邨大榮樓,深水埗,22.3220924866316,114.160627755632
屯門龍門路富健花園12座,機場及東涌,22.3834107994819,113.965176321489
天水圍天耀邨耀民樓,機場及東涌,22.4501458187112,114.003663384941
元朗廈村路 駿成重櫃場閘內,葵涌,22.4466515577871,113.986738541396
禾輋邨豐禾里2號耀能協會高福耀學校,元朗,22.3880619400787,114.193646480171
八鄉下輋村村公所,沙田,22.448221274398,114.094395445187
安蔭邨康蔭樓,元朗,22.3722778760155,114.141934780131
屯門東華三院小欖峻庭智障人士日間活動中心,元朗,22.3663906753019,114.015881251517
南昌街248號賽馬會盲人中心(大坑西街停車場口),屯門,22.3342569030873,114.168467364916
屯門青榕街4號雅翠苑 (青榕街閘口),深水埗,22.3787437802322,113.984551619723
元朗水邊圍邨媽廟路 (近巴士站),屯門,22.4462183528701,114.021588771262
大口環道15-17號紅十字會甘迺迪中心,元朗,22.2709138981953,114.124416113912
薄扶林道131號（心光幼兒中心）,屯門,22.2670041872954,114.1318223853
屯門市廣場 (近巴士站),南區,22.3922480442645,113.976682967779
屯門龍門居巴士總站 (市區的士站尾),南區,22.3849978430044,113.965848791646
屯門榮發里恆豐園內 1座,南區,22.3840961199003,113.9812265191
元朗朗日路GRAND YOHO 平台第3座,南區,22.4448289529777,114.037222181015
